Kayıt, Şehir No, Şehir, İlçe No, İlçe
1,1,Adana,1,Aladağ
2,1,Adana,2,Ceyhan
3,1,Adana,3,Çukurova
4,1,Adana,4,Feke
5,1,Adana,5,İmamoğlu
6,1,Adana,6,Karaisalı
7,1,Adana,7,Karataş
8,1,Adana,8,Kozan
9,1,Adana,9,Pozantı
10,1,Adana,10,Saimbeyli
11,1,Adana,11,Sarıçam
12,1,Adana,12,Seyhan
13,1,Adana,13,Tufanbeyli
14,1,Adana,14,Yumurtalık
15,1,Adana,15,Yüreğir
16,2,Adıyaman,1,Adıyaman
17,2,Adıyaman,2,Besni
18,2,Adıyaman,3,Çelikhan
19,2,Adıyaman,4,Gerger
20,2,Adıyaman,5,Gölbaşı
21,2,Adıyaman,6,Kâhta
22,2,Adıyaman,7,Samsat
23,2,Adıyaman,8,Sincik
24,2,Adıyaman,9,Tut
25,3,Afyonkarahisar,1,Afyonkarahisar
26,3,Afyonkarahisar,2,Başmakçı
27,3,Afyonkarahisar,3,Bayat
28,3,Afyonkarahisar,4,Bolvadin
29,3,Afyonkarahisar,5,Çay
30,3,Afyonkarahisar,6,Çobanlar
31,3,Afyonkarahisar,7,Dazkırı
32,3,Afyonkarahisar,8,Dinar
33,3,Afyonkarahisar,9,Emirdağ
34,3,Afyonkarahisar,10,Evciler
35,3,Afyonkarahisar,11,Hocalar
36,3,Afyonkarahisar,12,İhsaniye
37,3,Afyonkarahisar,13,İscehisar
38,3,Afyonkarahisar,14,Kızılören
39,3,Afyonkarahisar,15,Sandıklı
40,3,Afyonkarahisar,16,Sinanpaşa
41,3,Afyonkarahisar,17,Sultandağı
42,3,Afyonkarahisar,18,Şuhut
43,4,Ağrı,1,Ağrı
44,4,Ağrı,2,Diyadin
45,4,Ağrı,3,Doğubayazıt
46,4,Ağrı,4,Eleşkirt
47,4,Ağrı,5,Hamur
48,4,Ağrı,6,Patnos
49,4,Ağrı,7,Taşlıçay
50,4,Ağrı,8,Tutak
51,5,Aksaray,1,Aksaray
52,5,Aksaray,2,Ağaçören
53,5,Aksaray,3,Eskil
54,5,Aksaray,4,Gülağaç
55,5,Aksaray,5,Güzelyurt
56,5,Aksaray,6,Ortaköy
57,5,Aksaray,7,Sarıyahşi
58,5,Aksaray,8,Sultanhanı
59,6,Amasya,1,Amasya
60,6,Amasya,2,Göynücek
61,6,Amasya,3,Gümüşhacıköy
62,6,Amasya,4,Hamamözü
63,6,Amasya,5,Merzifon
64,6,Amasya,6,Suluova
65,6,Amasya,7,Taşova
66,7,Ankara,1,Akyurt
67,7,Ankara,2,Altındağ
68,7,Ankara,3,Ayaş
69,7,Ankara,4,Balâ
70,7,Ankara,5,Beypazarı
71,7,Ankara,6,Çamlıdere
72,7,Ankara,7,Çankaya
73,7,Ankara,8,Çubuk
74,7,Ankara,9,Elmadağ
75,7,Ankara,10,Etimesgut
76,7,Ankara,11,Evren
77,7,Ankara,12,Gölbaşı
78,7,Ankara,13,Güdül
79,7,Ankara,14,Haymana
80,7,Ankara,15,Kalecik
81,7,Ankara,16,Kahramankazan
82,7,Ankara,17,Keçiören
83,7,Ankara,18,Kızılcahamam
84,7,Ankara,19,Mamak
85,7,Ankara,20,Nallıhan
86,7,Ankara,21,Polatlı
87,7,Ankara,22,Pursaklar
88,7,Ankara,23,Sincan
89,7,Ankara,24,Şereflikoçhisar
90,7,Ankara,25,Yenimahalle
91,8,Antalya,1,Akseki
92,8,Antalya,2,Aksu
93,8,Antalya,3,Alanya
94,8,Antalya,4,Demre
95,8,Antalya,5,Döşemealtı
96,8,Antalya,6,Elmalı
97,8,Antalya,7,Finike
98,8,Antalya,8,Gazipaşa
99,8,Antalya,9,Gündoğmuş
100,8,Antalya,10,İbradı
101,8,Antalya,11,Kaş
102,8,Antalya,12,Kemer
103,8,Antalya,13,Kepez
104,8,Antalya,14,Konyaaltı
105,8,Antalya,15,Korkuteli
106,8,Antalya,16,Kumluca
107,8,Antalya,17,Manavgat
108,8,Antalya,18,Muratpaşa
109,8,Antalya,19,Serik
110,9,Ardahan,1,Ardahan
111,9,Ardahan,2,Çıldır
112,9,Ardahan,3,Damal
113,9,Ardahan,4,Göle
114,9,Ardahan,5,Hanak
115,9,Ardahan,6,Posof
116,10,Artvin,1,Artvin
117,10,Artvin,2,Ardanuç
118,10,Artvin,3,Arhavi
119,10,Artvin,4,Borçka
120,10,Artvin,5,Hopa
121,10,Artvin,6,Kemalpaşa
122,10,Artvin,7,Murgul
123,10,Artvin,8,Şavşat
124,10,Artvin,9,Yusufeli
125,11,Aydın,1,Bozdoğan
126,11,Aydın,2,Buharkent
127,11,Aydın,3,Çine
128,11,Aydın,4,Didim
129,11,Aydın,5,Efeler
130,11,Aydın,6,Germencik
131,11,Aydın,7,İncirliova
132,11,Aydın,8,Karacasu
133,11,Aydın,9,Karpuzlu
134,11,Aydın,10,Koçarlı
135,11,Aydın,11,Köşk
136,11,Aydın,12,Kuşadası
137,11,Aydın,13,Kuyucak
138,11,Aydın,14,Nazilli
139,11,Aydın,15,Söke
140,11,Aydın,16,Sultanhisar
141,11,Aydın,17,Yenipazar
142,12,Balıkesir,1,Altıeylül
143,12,Balıkesir,2,Ayvalık
144,12,Balıkesir,3,Balya
145,12,Balıkesir,4,Bandırma
146,12,Balıkesir,5,Bigadiç
147,12,Balıkesir,6,Burhaniye
148,12,Balıkesir,7,Dursunbey
149,12,Balıkesir,8,Edremit
150,12,Balıkesir,9,Erdek
151,12,Balıkesir,10,Gömeç
152,12,Balıkesir,11,Gönen
153,12,Balıkesir,12,Havran
154,12,Balıkesir,13,İvrindi
155,12,Balıkesir,14,Karesi
156,12,Balıkesir,15,Kepsut
157,12,Balıkesir,16,Manyas
158,12,Balıkesir,17,Marmara
159,12,Balıkesir,18,Savaştepe
160,12,Balıkesir,19,Sındırgı
161,12,Balıkesir,20,Susurluk
162,13,Bartın,1,Bartın
163,13,Bartın,2,Amasra
164,13,Bartın,3,Kurucaşile
165,13,Bartın,4,Ulus
166,14,Batman,1,Batman
167,14,Batman,2,Beşiri
168,14,Batman,3,Gercüş
169,14,Batman,4,Hasankeyf
170,14,Batman,5,Kozluk
171,14,Batman,6,Sason
172,15,Bayburt,1,Bayburt
173,15,Bayburt,2,Aydıntepe
174,15,Bayburt,3,Demirözü
175,16,Bilecik,1,Bilecik
176,16,Bilecik,2,Bozüyük
177,16,Bilecik,3,Gölpazarı
178,16,Bilecik,4,İnhisar
179,16,Bilecik,5,Osmaneli
180,16,Bilecik,6,Pazaryeri
181,16,Bilecik,7,Söğüt
182,16,Bilecik,8,Yenipazar
183,17,Bingöl,1,Bingöl
184,17,Bingöl,2,Adaklı
185,17,Bingöl,3,Genç
186,17,Bingöl,4,Karlıova
187,17,Bingöl,5,Kiğı
188,17,Bingöl,6,Solhan
189,17,Bingöl,7,Yayladere
190,17,Bingöl,8,Yedisu
191,18,Bitlis,1,Bitlis
192,18,Bitlis,2,Adilcevaz
193,18,Bitlis,3,Ahlat
194,18,Bitlis,4,Güroymak
195,18,Bitlis,5,Hizan
196,18,Bitlis,6,Mutki
197,18,Bitlis,7,Tatvan
198,19,Bolu,1,Bolu
199,19,Bolu,2,Dörtdivan
200,19,Bolu,3,Gerede
201,19,Bolu,4,Göynük
202,19,Bolu,5,Kıbrıscık
203,19,Bolu,6,Mengen
204,19,Bolu,7,Mudurnu
205,19,Bolu,8,Seben
206,19,Bolu,9,Yeniçağa
207,20,Burdur,1,Burdur
208,20,Burdur,2,Ağlasun
209,20,Burdur,3,Altınyayla
210,20,Burdur,4,Bucak
211,20,Burdur,5,Çavdır
212,20,Burdur,6,Çeltikçi
213,20,Burdur,7,Gölhisar
214,20,Burdur,8,Karamanlı
215,20,Burdur,9,Kemer
216,20,Burdur,10,Tefenni
217,20,Burdur,11,Yeşilova
218,21,Bursa,1,Büyükorhan
219,21,Bursa,2,Gemlik
220,21,Bursa,3,Gürsu
221,21,Bursa,4,Harmancık
222,21,Bursa,5,İnegöl
223,21,Bursa,6,İznik
224,21,Bursa,7,Karacabey
225,21,Bursa,8,Keles
226,21,Bursa,9,Kestel
227,21,Bursa,10,Mudanya
228,21,Bursa,11,Mustafakemalpaşa
229,21,Bursa,12,Nilüfer
230,21,Bursa,13,Orhaneli
231,21,Bursa,14,Orhangazi
232,21,Bursa,15,Osmangazi
233,21,Bursa,16,Yenişehir
234,21,Bursa,17,Yıldırım
235,22,Çanakkale,1,Çanakkale
236,22,Çanakkale,2,Ayvacık
237,22,Çanakkale,3,Bayramiç
238,22,Çanakkale,4,Biga
239,22,Çanakkale,5,Bozcaada
240,22,Çanakkale,6,Çan
241,22,Çanakkale,7,Eceabat
242,22,Çanakkale,8,Ezine
243,22,Çanakkale,9,Gelibolu
244,22,Çanakkale,10,Gökçeada
245,22,Çanakkale,11,Lapseki
246,22,Çanakkale,12,Yenice
247,23,Çankırı,1,Çankırı
248,23,Çankırı,2,Atkaracalar
249,23,Çankırı,3,Bayramören
250,23,Çankırı,4,Çerkeş
251,23,Çankırı,5,Eldivan
252,23,Çankırı,6,Ilgaz
253,23,Çankırı,7,Kızılırmak
254,23,Çankırı,8,Korgun
255,23,Çankırı,9,Kurşunlu
256,23,Çankırı,10,Orta
257,23,Çankırı,11,Şabanözü
258,23,Çankırı,12,Yapraklı
259,24,Çorum,1,Çorum
260,24,Çorum,2,Alaca
261,24,Çorum,3,Bayat
262,24,Çorum,4,Boğazkale
263,24,Çorum,5,Dodurga
264,24,Çorum,6,İskilip
265,24,Çorum,7,Kargı
266,24,Çorum,8,Laçin
267,24,Çorum,9,Mecitözü
268,24,Çorum,10,Oğuzlar
269,24,Çorum,11,Ortaköy
270,24,Çorum,12,Osmancık
271,24,Çorum,13,Sungurlu
272,24,Çorum,14,Uğurludağ
273,25,Denizli,1,Acıpayam
274,25,Denizli,2,Babadağ
275,25,Denizli,3,Baklan
276,25,Denizli,4,Bekilli
277,25,Denizli,5,Beyağaç
278,25,Denizli,6,Bozkurt
279,25,Denizli,7,Buldan
280,25,Denizli,8,Çal
281,25,Denizli,9,Çameli
282,25,Denizli,10,Çardak
283,25,Denizli,11,Çivril
284,25,Denizli,12,Güney
285,25,Denizli,13,Honaz
286,25,Denizli,14,Kale
287,25,Denizli,15,Merkezefendi
288,25,Denizli,16,Pamukkale
289,25,Denizli,17,Sarayköy
290,25,Denizli,18,Serinhisar
291,25,Denizli,19,Tavas
292,26,Diyarbakır,1,Bağlar
293,26,Diyarbakır,2,Bismil
294,26,Diyarbakır,3,Çermik
295,26,Diyarbakır,4,Çınar
296,26,Diyarbakır,5,Çüngüş
297,26,Diyarbakır,6,Dicle
298,26,Diyarbakır,7,Eğil
299,26,Diyarbakır,8,Ergani
300,26,Diyarbakır,9,Hani
301,26,Diyarbakır,10,Hazro
302,26,Diyarbakır,11,Kayapınar
303,26,Diyarbakır,12,Kocaköy
304,26,Diyarbakır,13,Kulp
305,26,Diyarbakır,14,Lice
306,26,Diyarbakır,15,Silvan
307,26,Diyarbakır,16,Sur
308,26,Diyarbakır,17,Yenişehir
309,27,Düzce,1,Düzce
310,27,Düzce,2,Akçakoca
311,27,Düzce,3,Cumayeri
312,27,Düzce,4,Çilimli
313,27,Düzce,5,Gölyaka
314,27,Düzce,6,Gümüşova
315,27,Düzce,7,Kaynaşlı
316,27,Düzce,8,Yığılca
317,28,Edirne,1,Edirne
318,28,Edirne,2,Enez
319,28,Edirne,3,Havsa
320,28,Edirne,4,İpsala
321,28,Edirne,5,Keşan
322,28,Edirne,6,Lalapaşa
323,28,Edirne,7,Meriç
324,28,Edirne,8,Süloğlu
325,28,Edirne,9,Uzunköprü
326,29,Elâzığ,1,Elazığ
327,29,Elâzığ,2,Ağın
328,29,Elâzığ,3,Alacakaya
329,29,Elâzığ,4,Arıcak
330,29,Elâzığ,5,Baskil
331,29,Elâzığ,6,Karakoçan
332,29,Elâzığ,7,Keban
333,29,Elâzığ,8,Kovancılar
334,29,Elâzığ,9,Maden
335,29,Elâzığ,10,Palu
336,29,Elâzığ,11,Sivrice
337,30,Erzincan,1,Erzincan
338,30,Erzincan,2,Çayırlı
339,30,Erzincan,3,İliç
340,30,Erzincan,4,Kemah
341,30,Erzincan,5,Kemaliye
342,30,Erzincan,6,Otlukbeli
343,30,Erzincan,7,Refahiye
344,30,Erzincan,8,Tercan
345,30,Erzincan,9,Üzümlü
346,31,Erzurum,1,Aşkale
347,31,Erzurum,2,Aziziye
348,31,Erzurum,3,Çat
349,31,Erzurum,4,Hınıs
350,31,Erzurum,5,Horasan
351,31,Erzurum,6,İspir
352,31,Erzurum,7,Karaçoban
353,31,Erzurum,8,Karayazı
354,31,Erzurum,9,Köprüköy
355,31,Erzurum,10,Narman
356,31,Erzurum,11,Oltu
357,31,Erzurum,12,Olur
358,31,Erzurum,13,Palandöken
359,31,Erzurum,14,Pasinler
360,31,Erzurum,15,Pazaryolu
361,31,Erzurum,16,Şenkaya
362,31,Erzurum,17,Tekman
363,31,Erzurum,18,Tortum
364,31,Erzurum,19,Uzundere
365,31,Erzurum,20,Yakutiye
366,32,Eskişehir,1,Alpu
367,32,Eskişehir,2,Beylikova
368,32,Eskişehir,3,Çifteler
369,32,Eskişehir,4,Günyüzü
370,32,Eskişehir,5,Han
371,32,Eskişehir,6,İnönü
372,32,Eskişehir,7,Mahmudiye
373,32,Eskişehir,8,Mihalgazi
374,32,Eskişehir,9,Mihalıççık
375,32,Eskişehir,10,Odunpazarı
376,32,Eskişehir,11,Sarıcakaya
377,32,Eskişehir,12,Seyitgazi
378,32,Eskişehir,13,Sivrihisar
379,32,Eskişehir,14,Tepebaşı
380,33,Gaziantep,1,Araban
381,33,Gaziantep,2,İslahiye
382,33,Gaziantep,3,Karkamış
383,33,Gaziantep,4,Nizip
384,33,Gaziantep,5,Nurdağı
385,33,Gaziantep,6,Oğuzeli
386,33,Gaziantep,7,Şahinbey
387,33,Gaziantep,8,Şehitkamil
388,33,Gaziantep,9,Yavuzeli
389,34,Giresun,1,Giresun
390,34,Giresun,2,Alucra
391,34,Giresun,3,Bulancak
392,34,Giresun,4,Çamoluk
393,34,Giresun,5,Çanakçı
394,34,Giresun,6,Dereli
395,34,Giresun,7,Doğankent
396,34,Giresun,8,Espiye
397,34,Giresun,9,Eynesil
398,34,Giresun,10,Görele
399,34,Giresun,11,Güce
400,34,Giresun,12,Keşap
401,34,Giresun,13,Piraziz
402,34,Giresun,14,Şebinkarahisar
403,34,Giresun,15,Tirebolu
404,34,Giresun,16,Yağlıdere
405,35,Gümüşhane,1,Gümüşhane
406,35,Gümüşhane,2,Kelkit
407,35,Gümüşhane,3,Köse
408,35,Gümüşhane,4,Kürtün
409,35,Gümüşhane,5,Şiran
410,35,Gümüşhane,6,Torul
411,36,Hakkâri,1,Hakkâri
412,36,Hakkâri,2,Çukurca
413,36,Hakkâri,3,Derecik
414,36,Hakkâri,4,Şemdinli
415,36,Hakkâri,5,Yüksekova
416,37,Hatay,1,Altınözü
417,37,Hatay,2,Antakya
418,37,Hatay,3,Arsuz
419,37,Hatay,4,Belen
420,37,Hatay,5,Defne
421,37,Hatay,6,Dörtyol
422,37,Hatay,7,Erzin
423,37,Hatay,8,Hassa
424,37,Hatay,9,İskenderun
425,37,Hatay,10,Kırıkhan
426,37,Hatay,11,Kumlu
427,37,Hatay,12,Payas
428,37,Hatay,13,Reyhanlı
429,37,Hatay,14,Samandağ
430,37,Hatay,15,Yayladağı
431,38,Iğdır,1,Iğdır
432,38,Iğdır,2,Aralık
433,38,Iğdır,3,Karakoyunlu
434,38,Iğdır,4,Tuzluca
435,39,Isparta,1,Isparta
436,39,Isparta,2,Aksu
437,39,Isparta,3,Atabey
438,39,Isparta,4,Eğirdir
439,39,Isparta,5,Gelendost
440,39,Isparta,6,Gönen
441,39,Isparta,7,Keçiborlu
442,39,Isparta,8,Senirkent
443,39,Isparta,9,Sütçüler
444,39,Isparta,10,Şarkikaraağaç
445,39,Isparta,11,Uluborlu
446,39,Isparta,12,Yalvaç
447,39,Isparta,13,Yenişarbademli
448,40,İstanbul,1,Adalar
449,40,İstanbul,2,Arnavutköy
450,40,İstanbul,3,Ataşehir
451,40,İstanbul,4,Avcılar
452,40,İstanbul,5,Bağcılar
453,40,İstanbul,6,Bahçelievler
454,40,İstanbul,7,Bakırköy
455,40,İstanbul,8,Başakşehir
456,40,İstanbul,9,Bayrampaşa
457,40,İstanbul,10,Beşiktaş
458,40,İstanbul,11,Beykoz
459,40,İstanbul,12,Beylikdüzü
460,40,İstanbul,13,Beyoğlu
461,40,İstanbul,14,Büyükçekmece
462,40,İstanbul,15,Çatalca
463,40,İstanbul,16,Çekmeköy
464,40,İstanbul,17,Esenler
465,40,İstanbul,18,Esenyurt
466,40,İstanbul,19,Eyüpsultan
467,40,İstanbul,20,Fatih
468,40,İstanbul,21,Gaziosmanpaşa
469,40,İstanbul,22,Güngören
470,40,İstanbul,23,Kadıköy
471,40,İstanbul,24,Kâğıthane
472,40,İstanbul,25,Kartal
473,40,İstanbul,26,Küçükçekmece
474,40,İstanbul,27,Maltepe
475,40,İstanbul,28,Pendik
476,40,İstanbul,29,Sancaktepe
477,40,İstanbul,30,Sarıyer
478,40,İstanbul,31,Silivri
479,40,İstanbul,32,Sultanbeyli
480,40,İstanbul,33,Sultangazi
481,40,İstanbul,34,Şile
482,40,İstanbul,35,Şişli
483,40,İstanbul,36,Tuzla
484,40,İstanbul,37,Ümraniye
485,40,İstanbul,38,Üsküdar
486,40,İstanbul,39,Zeytinburnu
487,41,İzmir,1,Aliağa
488,41,İzmir,2,Balçova
489,41,İzmir,3,Bayındır
490,41,İzmir,4,Bayraklı
491,41,İzmir,5,Bergama
492,41,İzmir,6,Beydağ
493,41,İzmir,7,Bornova
494,41,İzmir,8,Buca
495,41,İzmir,9,Çeşme
496,41,İzmir,10,Çiğli
497,41,İzmir,11,Dikili
498,41,İzmir,12,Foça
499,41,İzmir,13,Gaziemir
500,41,İzmir,14,Güzelbahçe
501,41,İzmir,15,Karabağlar
502,41,İzmir,16,Karaburun
503,41,İzmir,17,Karşıyaka
504,41,İzmir,18,Kemalpaşa
505,41,İzmir,19,Kınık
506,41,İzmir,20,Kiraz
507,41,İzmir,21,Konak
508,41,İzmir,22,Menderes
509,41,İzmir,23,Menemen
510,41,İzmir,24,Narlıdere
511,41,İzmir,25,Ödemiş
512,41,İzmir,26,Seferihisar
513,41,İzmir,27,Selçuk
514,41,İzmir,28,Tire
515,41,İzmir,29,Torbalı
516,41,İzmir,30,Urla
517,42,Kahramanmaraş,1,Afşin
518,42,Kahramanmaraş,2,Andırın
519,42,Kahramanmaraş,3,Çağlayancerit
520,42,Kahramanmaraş,4,Dulkadiroğlu
521,42,Kahramanmaraş,5,Ekinözü
522,42,Kahramanmaraş,6,Elbistan
523,42,Kahramanmaraş,7,Göksun
524,42,Kahramanmaraş,8,Nurhak
525,42,Kahramanmaraş,9,Onikişubat
526,42,Kahramanmaraş,10,Pazarcık
527,42,Kahramanmaraş,11,Türkoğlu
528,43,Karabük,1,Karabük
529,43,Karabük,2,Eflani
530,43,Karabük,3,Eskipazar
531,43,Karabük,4,Ovacık
532,43,Karabük,5,Safranbolu
533,43,Karabük,6,Yenice
534,44,Karaman,1,Karaman
535,44,Karaman,2,Ayrancı
536,44,Karaman,3,Başyayla
537,44,Karaman,4,Ermenek
538,44,Karaman,5,Kazımkarabekir
539,44,Karaman,6,Sarıveliler
540,45,Kars,1,Kars
541,45,Kars,2,Akyaka
542,45,Kars,3,Arpaçay
543,45,Kars,4,Digor
544,45,Kars,5,Kağızman
545,45,Kars,6,Sarıkamış
546,45,Kars,7,Selim
547,45,Kars,8,Susuz
548,46,Kastamonu,1,Kastamonu
549,46,Kastamonu,2,Abana
550,46,Kastamonu,3,Ağlı
551,46,Kastamonu,4,Araç
552,46,Kastamonu,5,Azdavay
553,46,Kastamonu,6,Bozkurt
554,46,Kastamonu,7,Cide
555,46,Kastamonu,8,Çatalzeytin
556,46,Kastamonu,9,Daday
557,46,Kastamonu,10,Devrekani
558,46,Kastamonu,11,Doğanyurt
559,46,Kastamonu,12,Hanönü
560,46,Kastamonu,13,İhsangazi
561,46,Kastamonu,14,İnebolu
562,46,Kastamonu,15,Küre
563,46,Kastamonu,16,Pınarbaşı
564,46,Kastamonu,17,Seydiler
565,46,Kastamonu,18,Şenpazar
566,46,Kastamonu,19,Taşköprü
567,46,Kastamonu,20,Tosya
568,47,Kayseri,1,Akkışla
569,47,Kayseri,2,Bünyan
570,47,Kayseri,3,Develi
571,47,Kayseri,4,Felahiye
572,47,Kayseri,5,Hacılar
573,47,Kayseri,6,İncesu
574,47,Kayseri,7,Kocasinan
575,47,Kayseri,8,Melikgazi
576,47,Kayseri,9,Özvatan
577,47,Kayseri,10,Pınarbaşı
578,47,Kayseri,11,Sarıoğlan
579,47,Kayseri,12,Sarız
580,47,Kayseri,13,Talas
581,47,Kayseri,14,Tomarza
582,47,Kayseri,15,Yahyalı
583,47,Kayseri,16,Yeşilhisar
584,48,Kırıkkale,1,Kırıkkale
585,48,Kırıkkale,2,Bahşılı
586,48,Kırıkkale,3,Balışeyh
587,48,Kırıkkale,4,Çelebi
588,48,Kırıkkale,5,Delice
589,48,Kırıkkale,6,Karakeçili
590,48,Kırıkkale,7,Keskin
591,48,Kırıkkale,8,Sulakyurt
592,48,Kırıkkale,9,Yahşihan
593,49,Kırklareli,1,Kırklareli
594,49,Kırklareli,2,Babaeski
595,49,Kırklareli,3,Demirköy
596,49,Kırklareli,4,Kofçaz
597,49,Kırklareli,5,Lüleburgaz
598,49,Kırklareli,6,Pehlivanköy
599,49,Kırklareli,7,Pınarhisar
600,49,Kırklareli,8,Vize
601,50,Kırşehir,1,Kırşehir
602,50,Kırşehir,2,Akçakent
603,50,Kırşehir,3,Akpınar
604,50,Kırşehir,4,Boztepe
605,50,Kırşehir,5,Çiçekdağı
606,50,Kırşehir,6,Kaman
607,50,Kırşehir,7,Mucur
608,51,Kilis,1,Kilis
609,51,Kilis,2,Elbeyli
610,51,Kilis,3,Musabeyli
611,51,Kilis,4,Polateli
612,52,Kocaeli,1,Başiskele
613,52,Kocaeli,2,Çayırova
614,52,Kocaeli,3,Darıca
615,52,Kocaeli,4,Derince
616,52,Kocaeli,5,Dilovası
617,52,Kocaeli,6,Gebze
618,52,Kocaeli,7,Gölcük
619,52,Kocaeli,8,İzmit
620,52,Kocaeli,9,Kandıra
621,52,Kocaeli,10,Karamürsel
622,52,Kocaeli,11,Kartepe
623,52,Kocaeli,12,Körfez
624,53,Konya,1,Ahırlı
625,53,Konya,2,Akören
626,53,Konya,3,Akşehir
627,53,Konya,4,Altınekin
628,53,Konya,5,Beyşehir
629,53,Konya,6,Bozkır
630,53,Konya,7,Cihanbeyli
631,53,Konya,8,Çeltik
632,53,Konya,9,Çumra
633,53,Konya,10,Derbent
634,53,Konya,11,Derebucak
635,53,Konya,12,Doğanhisar
636,53,Konya,13,Emirgazi
637,53,Konya,14,Ereğli
638,53,Konya,15,Güneysınır
639,53,Konya,16,Hadim
640,53,Konya,17,Halkapınar
641,53,Konya,18,Hüyük
642,53,Konya,19,Ilgın
643,53,Konya,20,Kadınhanı
644,53,Konya,21,Karapınar
645,53,Konya,22,Karatay
646,53,Konya,23,Kulu
647,53,Konya,24,Meram
648,53,Konya,25,Sarayönü
649,53,Konya,26,Selçuklu
650,53,Konya,27,Seydişehir
651,53,Konya,28,Taşkent
652,53,Konya,29,Tuzlukçu
653,53,Konya,30,Yalıhüyük
654,53,Konya,31,Yunak
655,54,Kütahya,1,Kütahya
656,54,Kütahya,2,Altıntaş
657,54,Kütahya,3,Aslanapa
658,54,Kütahya,4,Çavdarhisar
659,54,Kütahya,5,Domaniç
660,54,Kütahya,6,Dumlupınar
661,54,Kütahya,7,Emet
662,54,Kütahya,8,Gediz
663,54,Kütahya,9,Hisarcık
664,54,Kütahya,10,Pazarlar
665,54,Kütahya,11,Şaphane
666,54,Kütahya,12,Simav
667,54,Kütahya,13,Tavşanlı
668,55,Malatya,1,Akçadağ
669,55,Malatya,2,Arapgir
670,55,Malatya,3,Arguvan
671,55,Malatya,4,Battalgazi
672,55,Malatya,5,Darende
673,55,Malatya,6,Doğanşehir
674,55,Malatya,7,Doğanyol
675,55,Malatya,8,Hekimhan
676,55,Malatya,9,Kale
677,55,Malatya,10,Kuluncak
678,55,Malatya,11,Pütürge
679,55,Malatya,12,Yazıhan
680,55,Malatya,13,Yeşilyurt
681,56,Manisa,1,Ahmetli
682,56,Manisa,2,Akhisar
683,56,Manisa,3,Alaşehir
684,56,Manisa,4,Demirci
685,56,Manisa,5,Gölmarmara
686,56,Manisa,6,Gördes
687,56,Manisa,7,Kırkağaç
688,56,Manisa,8,Köprübaşı
689,56,Manisa,9,Kula
690,56,Manisa,10,Salihli
691,56,Manisa,11,Sarıgöl
692,56,Manisa,12,Saruhanlı
693,56,Manisa,13,Selendi
694,56,Manisa,14,Soma
695,56,Manisa,15,Şehzadeler
696,56,Manisa,16,Turgutlu
697,56,Manisa,17,Yunusemre
698,57,Mardin,1,Artuklu
699,57,Mardin,2,Dargeçit
700,57,Mardin,3,Derik
701,57,Mardin,4,Kızıltepe
702,57,Mardin,5,Mazıdağı
703,57,Mardin,6,Midyat
704,57,Mardin,7,Nusaybin
705,57,Mardin,8,Ömerli
706,57,Mardin,9,Savur
707,57,Mardin,10,Yeşilli
708,58,Mersin,1,Akdeniz
709,58,Mersin,2,Anamur
710,58,Mersin,3,Aydıncık
711,58,Mersin,4,Bozyazı
712,58,Mersin,5,Çamlıyayla
713,58,Mersin,6,Erdemli
714,58,Mersin,7,Gülnar
715,58,Mersin,8,Mezitli
716,58,Mersin,9,Mut
717,58,Mersin,10,Silifke
718,58,Mersin,11,Tarsus
719,58,Mersin,12,Toroslar
720,58,Mersin,13,Yenişehir
721,59,Muğla,1,Bodrum
722,59,Muğla,2,Dalaman
723,59,Muğla,3,Datça
724,59,Muğla,4,Fethiye
725,59,Muğla,5,Kavaklıdere
726,59,Muğla,6,Köyceğiz
727,59,Muğla,7,Marmaris
728,59,Muğla,8,Menteşe
729,59,Muğla,9,Milas
730,59,Muğla,10,Ortaca
731,59,Muğla,11,Seydikemer
732,59,Muğla,12,Ula
733,59,Muğla,13,Yatağan
734,60,Muş,1,Muş
735,60,Muş,2,Bulanık
736,60,Muş,3,Hasköy
737,60,Muş,4,Korkut
738,60,Muş,5,Malazgirt
739,60,Muş,6,Varto
740,61,Nevşehir,1,Nevşehir
741,61,Nevşehir,2,Acıgöl
742,61,Nevşehir,3,Avanos
743,61,Nevşehir,4,Derinkuyu
744,61,Nevşehir,5,Gülşehir
745,61,Nevşehir,6,Hacıbektaş
746,61,Nevşehir,7,Kozaklı
747,61,Nevşehir,8,Ürgüp
748,62,Niğde,1,Niğde
749,62,Niğde,2,Altunhisar
750,62,Niğde,3,Bor
751,62,Niğde,4,Çamardı
752,62,Niğde,5,Çiftlik
753,62,Niğde,6,Ulukışla
754,63,Ordu,1,Akkuş
755,63,Ordu,2,Altınordu
756,63,Ordu,3,Aybastı
757,63,Ordu,4,Çamaş
758,63,Ordu,5,Çatalpınar
759,63,Ordu,6,Çaybaşı
760,63,Ordu,7,Fatsa
761,63,Ordu,8,Gölköy
762,63,Ordu,9,Gülyalı
763,63,Ordu,10,Gürgentepe
764,63,Ordu,11,İkizce
765,63,Ordu,12,Kabadüz
766,63,Ordu,13,Kabataş
767,63,Ordu,14,Korgan
768,63,Ordu,15,Kumru
769,63,Ordu,16,Mesudiye
770,63,Ordu,17,Perşembe
771,63,Ordu,18,Ulubey
772,63,Ordu,19,Ünye
773,64,Osmaniye,1,Osmaniye
774,64,Osmaniye,2,Bahçe
775,64,Osmaniye,3,Düziçi
776,64,Osmaniye,4,Hasanbeyli
777,64,Osmaniye,5,Kadirli
778,64,Osmaniye,6,Sumbas
779,64,Osmaniye,7,Toprakkale
780,65,Rize,1,Rize
781,65,Rize,2,Ardeşen
782,65,Rize,3,Çamlıhemşin
783,65,Rize,4,Çayeli
784,65,Rize,5,Derepazarı
785,65,Rize,6,Fındıklı
786,65,Rize,7,Güneysu
787,65,Rize,8,Hemşin
788,65,Rize,9,İkizdere
789,65,Rize,10,İyidere
790,65,Rize,11,Kalkandere
791,65,Rize,12,Pazar
792,66,Sakarya,1,Adapazarı
793,66,Sakarya,2,Akyazı
794,66,Sakarya,3,Arifiye
795,66,Sakarya,4,Erenler
796,66,Sakarya,5,Ferizli
797,66,Sakarya,6,Geyve
798,66,Sakarya,7,Hendek
799,66,Sakarya,8,Karapürçek
800,66,Sakarya,9,Karasu
801,66,Sakarya,10,Kaynarca
802,66,Sakarya,11,Kocaali
803,66,Sakarya,12,Pamukova
804,66,Sakarya,13,Sapanca
805,66,Sakarya,14,Serdivan
806,66,Sakarya,15,Söğütlü
807,66,Sakarya,16,Taraklı
808,67,Samsun,1,19 Mayıs
809,67,Samsun,2,Alaçam
810,67,Samsun,3,Asarcık
811,67,Samsun,4,Atakum
812,67,Samsun,5,Ayvacık
813,67,Samsun,6,Bafra
814,67,Samsun,7,Canik
815,67,Samsun,8,Çarşamba
816,67,Samsun,9,Havza
817,67,Samsun,10,İlkadım
818,67,Samsun,11,Kavak
819,67,Samsun,12,Ladik
820,67,Samsun,13,Salıpazarı
821,67,Samsun,14,Tekkeköy
822,67,Samsun,15,Terme
823,67,Samsun,16,Vezirköprü
824,67,Samsun,17,Yakakent
825,68,Siirt,1,Siirt
826,68,Siirt,2,Baykan
827,68,Siirt,3,Eruh
828,68,Siirt,4,Kurtalan
829,68,Siirt,5,Pervari
830,68,Siirt,6,Şirvan
831,68,Siirt,7,Tillo
832,69,Sinop,1,Sinop
833,69,Sinop,2,Ayancık
834,69,Sinop,3,Boyabat
835,69,Sinop,4,Dikmen
836,69,Sinop,5,Durağan
837,69,Sinop,6,Erfelek
838,69,Sinop,7,Gerze
839,69,Sinop,8,Saraydüzü
840,69,Sinop,9,Türkeli
841,70,Sivas,1,Sivas
842,70,Sivas,2,Akıncılar
843,70,Sivas,3,Altınyayla
844,70,Sivas,4,Divriği
845,70,Sivas,5,Doğanşar
846,70,Sivas,6,Gemerek
847,70,Sivas,7,Gölova
848,70,Sivas,8,Gürün
849,70,Sivas,9,Hafik
850,70,Sivas,10,İmranlı
851,70,Sivas,11,Kangal
852,70,Sivas,12,Koyulhisar
853,70,Sivas,13,Suşehri
854,70,Sivas,14,Şarkışla
855,70,Sivas,15,Ulaş
856,70,Sivas,16,Yıldızeli
857,70,Sivas,17,Zara
858,71,Şanlıurfa,1,Akçakale
859,71,Şanlıurfa,2,Birecik
860,71,Şanlıurfa,3,Bozova
861,71,Şanlıurfa,4,Ceylanpınar
862,71,Şanlıurfa,5,Eyyübiye
863,71,Şanlıurfa,6,Halfeti
864,71,Şanlıurfa,7,Haliliye
865,71,Şanlıurfa,8,Harran
866,71,Şanlıurfa,9,Hilvan
867,71,Şanlıurfa,10,Karaköprü
868,71,Şanlıurfa,11,Siverek
869,71,Şanlıurfa,12,Suruç
870,71,Şanlıurfa,13,Viranşehir
871,72,Şırnak,1,Şırnak
872,72,Şırnak,2,Beytüşşebap
873,72,Şırnak,3,Cizre
874,72,Şırnak,4,Güçlükonak
875,72,Şırnak,5,İdil
876,72,Şırnak,6,Silopi
877,72,Şırnak,7,Uludere
878,73,Tekirdağ,1,Çerkezköy
879,73,Tekirdağ,2,Çorlu
880,73,Tekirdağ,3,Ergene
881,73,Tekirdağ,4,Hayrabolu
882,73,Tekirdağ,5,Kapaklı
883,73,Tekirdağ,6,Malkara
884,73,Tekirdağ,7,Marmaraereğlisi
885,73,Tekirdağ,8,Muratlı
886,73,Tekirdağ,9,Saray
887,73,Tekirdağ,10,Süleymanpaşa
888,73,Tekirdağ,11,Şarköy
889,74,Tokat,1,Tokat
890,74,Tokat,2,Almus
891,74,Tokat,3,Artova
892,74,Tokat,4,Başçiftlik
893,74,Tokat,5,Erbaa
894,74,Tokat,6,Niksar
895,74,Tokat,7,Pazar
896,74,Tokat,8,Reşadiye
897,74,Tokat,9,Sulusaray
898,74,Tokat,10,Turhal
899,74,Tokat,11,Yeşilyurt
900,74,Tokat,12,Zile
901,75,Trabzon,1,Akçaabat
902,75,Trabzon,2,Araklı
903,75,Trabzon,3,Arsin
904,75,Trabzon,4,Beşikdüzü
905,75,Trabzon,5,Çarşıbaşı
906,75,Trabzon,6,Çaykara
907,75,Trabzon,7,Dernekpazarı
908,75,Trabzon,8,Düzköy
909,75,Trabzon,9,Hayrat
910,75,Trabzon,10,Köprübaşı
911,75,Trabzon,11,Maçka
912,75,Trabzon,12,Of
913,75,Trabzon,13,Ortahisar
914,75,Trabzon,14,Sürmene
915,75,Trabzon,15,Şalpazarı
916,75,Trabzon,16,Tonya
917,75,Trabzon,17,Vakfıkebir
918,75,Trabzon,18,Yomra
919,76,Tunceli,1,Tunceli
920,76,Tunceli,2,Çemişgezek
921,76,Tunceli,3,Hozat
922,76,Tunceli,4,Mazgirt
923,76,Tunceli,5,Nazımiye
924,76,Tunceli,6,Ovacık
925,76,Tunceli,7,Pertek
926,76,Tunceli,8,Pülümür
927,77,Uşak,1,Uşak
928,77,Uşak,2,Banaz
929,77,Uşak,3,Eşme
930,77,Uşak,4,Karahallı
931,77,Uşak,5,Sivaslı
932,77,Uşak,6,Ulubey
933,78,Van,1,Bahçesaray
934,78,Van,2,Başkale
935,78,Van,3,Çaldıran
936,78,Van,4,Çatak
937,78,Van,5,Edremit
938,78,Van,6,Erciş
939,78,Van,7,Gevaş
940,78,Van,8,Gürpınar
941,78,Van,9,İpekyolu
942,78,Van,10,Muradiye
943,78,Van,11,Özalp
944,78,Van,12,Saray
945,78,Van,13,Tuşba
946,79,Yalova,1,Yalova
947,79,Yalova,2,Altınova
948,79,Yalova,3,Armutlu
949,79,Yalova,4,Çınarcık
950,79,Yalova,5,Çiftlikköy
951,79,Yalova,6,Termal
952,80,Yozgat,1,Yozgat
953,80,Yozgat,2,Akdağmadeni
954,80,Yozgat,3,Aydıncık
955,80,Yozgat,4,Boğazlıyan
956,80,Yozgat,5,Çandır
957,80,Yozgat,6,Çayıralan
958,80,Yozgat,7,Çekerek
959,80,Yozgat,8,Kadışehri
960,80,Yozgat,9,Saraykent
961,80,Yozgat,10,Sarıkaya
962,80,Yozgat,11,Sorgun
963,80,Yozgat,12,Şefaatli
964,80,Yozgat,13,Yenifakılı
965,80,Yozgat,14,Yerköy
966,81,Zonguldak,1,Zonguldak
967,81,Zonguldak,2,Alaplı
968,81,Zonguldak,3,Çaycuma
969,81,Zonguldak,4,Devrek
970,81,Zonguldak,5,Gökçebey
971,81,Zonguldak,6,Karadeniz Ereğli
972,81,Zonguldak,7,Kilimli
973,81,Zonguldak,8,Kozlu
