Kayıt, Şehir No, Şehir, İlçe No, İlçe,Türk Alfabe Sıralaması
1,1,Adana,1,Aladağ,32 ► 5
2,1,Adana,2,Ceyhan,65 ► 11 ► 2
3,1,Adana,3,Çukurova,135 ► 9
4,1,Adana,4,Feke,33 ► 6
5,1,Adana,5,İmamoğlu,112 ► 4
6,1,Adana,6,Karaisalı,97 ► 16 ► 7
7,1,Adana,7,Karataş,85 ► 13 ► 4
8,1,Adana,8,Kozan,79 ► 16 ► 7
9,1,Adana,9,Pozantı,120 ► 3
10,1,Adana,10,Saimbeyli,112 ► 4
11,1,Adana,11,Sarıçam,76 ► 13 ► 4
12,1,Adana,12,Seyhan,84 ► 12 ► 3
13,1,Adana,13,Tufanbeyli,136 ► 10 ► 1
14,1,Adana,14,Yumurtalık,180 ► 9
15,1,Adana,15,Yüreğir,122 ► 5
16,2,Adıyaman,1,Adıyaman,80 ► 8
17,2,Adıyaman,2,Besni,58 ► 13 ► 4
18,2,Adıyaman,3,Çelikhan,78 ► 15 ► 6
19,2,Adıyaman,4,Gerger,70 ► 7
20,2,Adıyaman,5,Gölbaşı,79 ► 16 ► 7
21,2,Adıyaman,6,Kâhta,Â (1 karakter yöntemlerde tanımsız)
22,2,Adıyaman,7,Samsat,86 ► 14 ► 5
23,2,Adıyaman,8,Sincik,78 ► 15 ► 6
24,2,Adıyaman,9,Tut,73 ► 10 ► 1
25,3,Afyonkarahisar,1,Afyonkarahisar,173 ► 11 ► 2
26,3,Afyonkarahisar,2,Başmakçı,72 ► 9
27,3,Afyonkarahisar,3,Bayat,56 ► 11 ► 2
28,3,Afyonkarahisar,4,Bolvadin,96 ► 15 ► 6
29,3,Afyonkarahisar,5,Çay,33 ► 6
30,3,Afyonkarahisar,6,Çobanlar,79 ► 16 ► 7
31,3,Afyonkarahisar,7,Dazkırı,92 ► 11 ► 2
32,3,Afyonkarahisar,8,Dinar,55 ► 10 ► 1
33,3,Afyonkarahisar,9,Emirdağ,69 ► 15 ► 6
34,3,Afyonkarahisar,10,Evciler,89 ► 17 ► 8
35,3,Afyonkarahisar,11,Hocalar,69 ► 15 ► 6
36,3,Afyonkarahisar,12,İhsaniye,107 ► 8
37,3,Afyonkarahisar,13,İscehisar,108 ► 9
38,3,Afyonkarahisar,14,Kızılören,143 ► 8
39,3,Afyonkarahisar,15,Sandıklı,96 ► 15 ► 6
40,3,Afyonkarahisar,16,Sinanpaşa,113 ► 5
41,3,Afyonkarahisar,17,Sultandağı,130 ► 4
42,3,Afyonkarahisar,18,Şuhut,107 ► 8
43,4,Ağrı,1,Ağrı,42 ► 6
44,4,Ağrı,2,Diyadin,78 ► 15 ► 6
45,4,Ağrı,3,Doğubayazıt,153 ► 9
46,4,Ağrı,4,Eleşkirt,120 ► 3
47,4,Ağrı,5,Hamur,73 ► 10 ► 1
48,4,Ağrı,6,Patnos,102 ► 3
49,4,Ağrı,7,Taşlıçay,107 ► 8
50,4,Ağrı,8,Tutak,88 ► 16 ► 7
51,5,Aksaray,1,Aksaray,88 ► 16 ► 7
52,5,Aksaray,2,Ağaçören,78 ► 15 ► 6
53,5,Aksaray,3,Eskil,68 ► 14 ► 5
54,5,Aksaray,4,Gülağaç,64 ► 10 ► 1
55,5,Aksaray,5,Güzelyurt,182 ► 11 ► 2
56,5,Aksaray,6,Ortaköy,125 ► 8
57,5,Aksaray,7,Sarıyahşi,128 ► 11 ► 2
58,5,Aksaray,8,Sultanhanı,143 ► 8
59,6,Amasya,1,Amasya,69 ► 15 ► 6
60,6,Amasya,2,Göynücek,121 ► 4
61,6,Amasya,3,Gümüşhacıköy,185 ► 14 ► 5
62,6,Amasya,4,Hamamözü,118 ► 10 ► 1
63,6,Amasya,5,Merzifon,125 ► 8
64,6,Amasya,6,Suluova,133 ► 7
65,6,Amasya,7,Taşova,94 ► 13 ► 4
66,7,Ankara,1,Akyurt,113 ► 5
67,7,Ankara,2,Altındağ,83 ► 11 ► 2
68,7,Ankara,3,Ayaş,53 ► 8
69,7,Ankara,4,Balâ,Â (1 karakter yöntemlerde tanımsız)
70,7,Ankara,5,Beypazarı,119 ► 11 ► 2
71,7,Ankara,6,Çamlıdere,85 ► 13 ► 4
72,7,Ankara,7,Çankaya,66 ► 12 ► 3
73,7,Ankara,8,Çubuk,70 ► 7
74,7,Ankara,9,Elmadağ,53 ► 8
75,7,Ankara,10,Etimesgut,142 ► 7
76,7,Ankara,11,Evren,77 ► 14 ► 5
77,7,Ankara,12,Gölbaşı,79 ► 16 ► 7
78,7,Ankara,13,Güdül,80 ► 8
79,7,Ankara,14,Haymana,74 ► 11 ► 2
80,7,Ankara,15,Kalecik,64 ► 10 ► 1
81,7,Ankara,16,Kahramankazan,143 ► 8
82,7,Ankara,17,Keçiören,98 ► 17 ► 8
83,7,Ankara,18,Kızılcahamam,128 ► 11 ► 2
84,7,Ankara,19,Mamak,48 ► 12 ► 3
85,7,Ankara,20,Nallıhan,87 ► 15 ► 6
86,7,Ankara,21,Polatlı,104 ► 5
87,7,Ankara,22,Pursaklar,140 ► 5
88,7,Ankara,23,Sincan,71 ► 8
89,7,Ankara,24,Şereflikoçhisar,190 ► 10 ► 1
90,7,Ankara,25,Yenimahalle,126 ► 9
91,8,Antalya,1,Akseki,68 ► 14 ► 5
92,8,Antalya,2,Aksu,62 ► 8
93,8,Antalya,3,Alanya,63 ► 9
94,8,Antalya,4,Demre,54 ► 9
95,8,Antalya,5,Döşemealtı,126 ► 9
96,8,Antalya,6,Elmalı,64 ► 10 ► 1
97,8,Antalya,7,Finike,66 ► 12 ► 3
98,8,Antalya,8,Gazipaşa,94 ► 13 ► 4
99,8,Antalya,9,Gündoğmuş,147 ► 12 ► 3
100,8,Antalya,10,İbradı,52 ► 7
101,8,Antalya,11,Kaş,38 ► 11 ► 2
102,8,Antalya,12,Kemer,63 ► 9
103,8,Antalya,13,Kepez,75 ► 12 ► 3
104,8,Antalya,14,Konyaaltı,129 ► 12 ► 3
105,8,Antalya,15,Korkuteli,148 ► 13 ► 4
106,8,Antalya,16,Kumluca,99 ► 18 ► 9
107,8,Antalya,17,Manavgat,95 ► 14 ► 5
108,8,Antalya,18,Muratpaşa,132 ► 6
109,8,Antalya,19,Serik,74 ► 11 ► 2
110,9,Ardahan,1,Ardahan,56 ► 11 ► 2
111,9,Ardahan,2,Çıldır,67 ► 13 ► 4
112,9,Ardahan,3,Damal,38 ► 11 ► 2
113,9,Ardahan,4,Göle,48 ► 12 ► 3
114,9,Ardahan,5,Hanak,43 ► 7
115,9,Ardahan,6,Posof,85 ► 13 ► 4
116,10,Artvin,1,Artvin,101 ► 2
117,10,Artvin,2,Ardanuç,74 ► 11 ► 2
118,10,Artvin,3,Arhavi,71 ► 8
119,10,Artvin,4,Borçka,60 ► 6
120,10,Artvin,5,Hopa,49 ► 13 ► 4
121,10,Artvin,6,Kemalpaşa,97 ► 16 ► 7
122,10,Artvin,7,Murgul,110 ► 2
123,10,Artvin,8,Şavşat,99 ► 18 ► 9
124,10,Artvin,9,Yusufeli,139 ► 13 ► 4
125,11,Aydın,1,Bozdoğan,99 ► 18 ► 9
126,11,Aydın,2,Buharkent,120 ► 3
127,11,Aydın,3,Çine,38 ► 11 ► 2
128,11,Aydın,4,Didim,48 ► 12 ► 3
129,11,Aydın,5,Efeler,61 ► 7
130,11,Aydın,6,Germencik,102 ► 3
131,11,Aydın,7,İncirliova,136 ► 10 ► 1
132,11,Aydın,8,Karacasu,88 ► 16 ► 7
133,11,Aydın,9,Karpuzlu,150 ► 6
134,11,Aydın,10,Koçarlı,84 ► 12 ► 3
135,11,Aydın,11,Köşk,70 ► 7
136,11,Aydın,12,Kuşadası,102 ► 3
137,11,Aydın,13,Kuyucak,110 ► 2
138,11,Aydın,14,Nazilli,99 ► 18 ► 9
139,11,Aydın,15,Söke,61 ► 7
140,11,Aydın,16,Sultanhisar,169 ► 16 ► 7
141,11,Aydın,17,Yenipazar,134 ► 8
142,12,Balıkesir,1,Altıeylül,141 ► 6
143,12,Balıkesir,2,Ayvalık,97 ► 16 ► 7
144,12,Balıkesir,3,Balya,47 ► 11 ► 2
145,12,Balıkesir,4,Bandırma,74 ► 11 ► 2
146,12,Balıkesir,5,Bigadiç,42 ► 6
147,12,Balıkesir,6,Burhaniye,121 ► 4
148,12,Balıkesir,7,Dursunbey,151 ► 7
149,12,Balıkesir,8,Edremit,89 ► 17 ► 8
150,12,Balıkesir,9,Erdek,52 ► 7
151,12,Balıkesir,10,Gömeç,53 ► 8
152,12,Balıkesir,11,Gönen,67 ► 13 ► 4
153,12,Balıkesir,12,Havran,77 ► 14 ► 5
154,12,Balıkesir,13,İvrindi,104 ► 5
155,12,Balıkesir,14,Karesi,75 ► 12 ► 3
156,12,Balıkesir,15,Kepsut,111 ► 3
157,12,Balıkesir,16,Manyas,85 ► 13 ► 4
158,12,Balıkesir,17,Marmara,77 ► 14 ► 5
159,12,Balıkesir,18,Savaştepe,130 ► 4
160,12,Balıkesir,19,Sındırgı,106 ► 7
161,12,Balıkesir,20,Susurluk,169 ► 16 ► 7
162,13,Bartın,1,Bartın,76 ► 13 ► 4
163,13,Bartın,2,Amasra,62 ► 8
164,13,Bartın,3,Kurucaşile,144 ► 9
165,13,Bartın,4,Ulus,87 ► 15 ► 6
166,14,Batman,1,Batman,61 ► 7
167,14,Batman,2,Beşiri,74 ► 11 ► 2
168,14,Batman,3,Gercüş,87 ► 15 ► 6
169,14,Batman,4,Hasankeyf,106 ► 7
170,14,Batman,5,Kozluk,115 ► 7
171,14,Batman,6,Sason,80 ► 8
172,15,Bayburt,1,Bayburt,103 ► 4
173,15,Bayburt,2,Aydıntepe,118 ► 10 ► 1
174,15,Bayburt,3,Demirözü,133 ► 7
175,16,Bilecik,1,Bilecik,62 ► 8
176,16,Bilecik,2,Bozüyük,143 ► 8
177,16,Bilecik,3,Gölpazarı,125 ► 8
178,16,Bilecik,4,İnhisar,94 ► 13 ► 4
179,16,Bilecik,5,Osmaneli,106 ► 7
180,16,Bilecik,6,Pazaryeri,138 ► 12 ► 3
181,16,Bilecik,7,Söğüt,100 ► 1
182,16,Bilecik,8,Yenipazar,134 ► 8
183,17,Bingöl,1,Bingöl,72 ► 9
184,17,Bingöl,2,Adaklı,47 ► 11 ► 2
185,17,Bingöl,3,Genç,35 ► 8
186,17,Bingöl,4,Karlıova,108 ► 9
187,17,Bingöl,5,Kiğı,45 ► 9
188,17,Bingöl,6,Solhan,83 ► 11 ► 2
189,17,Bingöl,7,Yayladere,111 ► 3
190,17,Bingöl,8,Yedisu,97 ► 16 ► 7
191,18,Bitlis,1,Bitlis,85 ► 13 ► 4
192,18,Bitlis,2,Adilcevaz,98 ► 17 ► 8
193,18,Bitlis,3,Ahlat,51 ► 6
194,18,Bitlis,4,Güroymak,132 ► 6
195,18,Bitlis,5,Hizan,68 ► 14 ► 5
196,18,Bitlis,6,Mutki,90 ► 9
197,18,Bitlis,7,Tatvan,94 ► 13 ► 4
198,19,Bolu,1,Bolu,60 ► 6
199,19,Bolu,2,Dörtdivan,130 ► 4
200,19,Bolu,3,Gerede,52 ► 7
201,19,Bolu,4,Göynük,112 ► 4
202,19,Bolu,5,Kıbrıscık,109 ► 10 ► 1
203,19,Bolu,6,Mengen,70 ► 7
204,19,Bolu,7,Mudurnu,134 ► 8
205,19,Bolu,8,Seben,53 ► 8
206,19,Bolu,9,Yeniçağa,77 ► 14 ► 5
207,20,Burdur,1,Burdur,99 ► 18 ► 9
208,20,Burdur,2,Ağlasun,90 ► 9
209,20,Burdur,3,Altınyayla,141 ► 6
210,20,Burdur,4,Bucak,45 ► 9
211,20,Burdur,5,Çavdır,69 ► 15 ► 6
212,20,Burdur,6,Çeltikçi,89 ► 17 ► 8
213,20,Burdur,7,Gölhisar,107 ► 8
214,20,Burdur,8,Karamanlı,97 ► 16 ► 7
215,20,Burdur,9,Kemer,63 ► 9
216,20,Burdur,10,Tefenni,88 ► 16 ► 7
217,20,Burdur,11,Yeşilova,129 ► 12 ► 3
218,21,Bursa,1,Büyükorhan,163 ► 10 ► 1
219,21,Bursa,2,Gemlik,70 ► 7
220,21,Bursa,3,Gürsu,102 ► 3
221,21,Bursa,4,Harmancık,94 ► 13 ► 4
222,21,Bursa,5,İnegöl,77 ► 14 ► 5
223,21,Bursa,6,İznik,83 ► 11 ► 2
224,21,Bursa,7,Karacabey,77 ► 14 ► 5
225,21,Bursa,8,Keles,63 ► 9
226,21,Bursa,9,Kestel,87 ► 15 ► 6
227,21,Bursa,10,Mudanya,93 ► 12 ► 3
228,21,Bursa,11,Mustafakemalpaşa,193 ► 13 ► 4
229,21,Bursa,12,Nilüfer,103 ► 4
230,21,Bursa,13,Orhaneli,99 ► 18 ► 9
231,21,Bursa,14,Orhangazi,116 ► 8
232,21,Bursa,15,Osmangazi,123 ► 6
233,21,Bursa,16,Yenişehir,133 ► 7
234,21,Bursa,17,Yıldırım,118 ► 10 ► 1
235,22,Çanakkale,1,Çanakkale,73 ► 10 ► 1
236,22,Çanakkale,2,Ayvacık,85 ► 13 ► 4
237,22,Çanakkale,3,Bayramiç,84 ► 12 ► 3
238,22,Çanakkale,4,Biga,22 ► 4
239,22,Çanakkale,5,Bozcaada,60 ► 6
240,22,Çanakkale,6,Çan,22 ► 4
241,22,Çanakkale,7,Eceabat,43 ► 7
242,22,Çanakkale,8,Ezine,69 ► 15 ► 6
243,22,Çanakkale,9,Gelibolu,100 ► 1
244,22,Çanakkale,10,Gökçeada,58 ► 13 ► 4
245,22,Çanakkale,11,Lapseki,89 ► 17 ► 8
246,22,Çanakkale,12,Yenice,71 ► 8
247,23,Çankırı,1,Çankırı,79 ► 16 ► 7
248,23,Çankırı,2,Atkaracalar,103 ► 4
249,23,Çankırı,3,Bayramören,132 ► 6
250,23,Çankırı,4,Çerkeş,74 ► 11 ► 2
251,23,Çankırı,5,Eldivan,82 ► 10 ► 1
252,23,Çankırı,6,Ilgaz,64 ► 10 ► 1
253,23,Çankırı,7,Kızılırmak,143 ► 8
254,23,Çankırı,8,Korgun,103 ► 4
255,23,Çankırı,9,Kurşunlu,165 ► 12 ► 3
256,23,Çankırı,10,Orta,64 ► 10 ► 1
257,23,Çankırı,11,Şabanözü,118 ► 10 ► 1
258,23,Çankırı,12,Yapraklı,111 ► 3
259,24,Çorum,1,Çorum,84 ► 12 ► 3
260,24,Çorum,2,Alaca,21 ► 3
261,24,Çorum,3,Bayat,56 ► 11 ► 2
262,24,Çorum,4,Boğazkale,95 ► 14 ► 5
263,24,Çorum,5,Dodurga,83 ► 11 ► 2
264,24,Çorum,6,İskilip,105 ► 6
265,24,Çorum,7,Kargı,55 ► 10 ► 1
266,24,Çorum,8,Laçin,48 ► 12 ► 3
267,24,Çorum,9,Mecitözü,134 ► 8
268,24,Çorum,10,Oğuzlar,118 ► 10 ► 1
269,24,Çorum,11,Ortaköy,125 ► 8
270,24,Çorum,12,Osmancık,102 ► 3
271,24,Çorum,13,Sungurlu,158 ► 14 ► 5
272,24,Çorum,14,Uğurludağ,135 ► 9
273,25,Denizli,1,Acıpayam,81 ► 9
274,25,Denizli,2,Babadağ,21 ► 3
275,25,Denizli,3,Baklan,50 ► 5
276,25,Denizli,4,Bekilli,74 ► 11 ► 2
277,25,Denizli,5,Beyağaç,51 ► 6
278,25,Denizli,6,Bozkurt,133 ► 7
279,25,Denizli,7,Buldan,65 ► 11 ► 2
280,25,Denizli,8,Çal,20 ► 2
281,25,Denizli,9,Çameli,53 ► 8
282,25,Denizli,10,Çardak,46 ► 10 ► 1
283,25,Denizli,11,Çivril,89 ► 17 ► 8
284,25,Denizli,12,Güney,85 ► 13 ► 4
285,25,Denizli,13,Honaz,75 ► 12 ► 3
286,25,Denizli,14,Kale,36 ► 9
287,25,Denizli,15,Merkezefendi,144 ► 9
288,25,Denizli,16,Pamukkale,112 ► 4
289,25,Denizli,17,Sarayköy,134 ► 8
290,25,Denizli,18,Serinhisar,142 ► 7
291,25,Denizli,19,Tavas,75 ► 12 ► 3
292,26,Diyarbakır,1,Bağlar,49 ► 13 ► 4
293,26,Diyarbakır,2,Bismil,77 ► 14 ► 5
294,26,Diyarbakır,3,Çermik,72 ► 9
295,26,Diyarbakır,4,Çınar,54 ► 9
296,26,Diyarbakır,5,Çüngüş,104 ► 5
297,26,Diyarbakır,6,Dicle,40 ► 4
298,26,Diyarbakır,7,Eğil,41 ► 5
299,26,Diyarbakır,8,Ergani,64 ► 10 ► 1
300,26,Diyarbakır,9,Hani,39 ► 12 ► 3
301,26,Diyarbakır,10,Hazro,79 ► 16 ► 7
302,26,Diyarbakır,11,Kayapınar,114 ► 6
303,26,Diyarbakır,12,Kocaköy,97 ► 16 ► 7
304,26,Diyarbakır,13,Kulp,74 ► 11 ► 2
305,26,Diyarbakır,14,Lice,35 ► 8
306,26,Diyarbakır,15,Silvan,93 ► 12 ► 3
307,26,Diyarbakır,16,Sur,68 ► 14 ► 5
308,26,Diyarbakır,17,Yenişehir,133 ► 7
309,27,Düzce,1,Düzce,69 ► 15 ► 6
310,27,Düzce,2,Akçakoca,56 ► 11 ► 2
311,27,Düzce,3,Cumayeri,111 ► 3
312,27,Düzce,4,Çilimli,83 ► 11 ► 2
313,27,Düzce,5,Gölyaka,86 ► 14 ► 5
314,27,Düzce,6,Gümüşova,145 ► 10 ► 1
315,27,Düzce,7,Kaynaşlı,110 ► 2
316,27,Düzce,8,Yığılca,78 ► 15 ► 6
317,28,Edirne,1,Edirne,66 ► 12 ► 3
318,28,Edirne,2,Enez,58 ► 13 ► 4
319,28,Edirne,3,Havsa,61 ► 7
320,28,Edirne,4,İpsala,71 ► 8
321,28,Edirne,5,Keşan,61 ► 7
322,28,Edirne,6,Lalapaşa,77 ► 14 ► 5
323,28,Edirne,7,Meriç,58 ► 13 ► 4
324,28,Edirne,8,Süloğlu,130 ► 4
325,28,Edirne,9,Uzunköprü,196 ► 16 ► 7
326,29,Elâzığ,1,Elazığ,71 ► 8
327,29,Elâzığ,2,Ağın,38 ► 11 ► 2
328,29,Elâzığ,3,Alacakaya,65 ► 11 ► 2
329,29,Elâzığ,4,Arıcak,51 ► 6
330,29,Elâzığ,5,Baskil,65 ► 11 ► 2
331,29,Elâzığ,6,Karakoçan,91 ► 10 ► 1
332,29,Elâzığ,7,Keban,40 ► 4
333,29,Elâzığ,8,Kovancılar,128 ► 11 ► 2
334,29,Elâzığ,9,Maden,45 ► 9
335,29,Elâzığ,10,Palu,61 ► 7
336,29,Elâzığ,11,Sivrice,101 ► 2
337,30,Erzincan,1,Erzincan,105 ► 6
338,30,Erzincan,2,Çayırlı,91 ► 10 ► 1
339,30,Erzincan,3,İliç,42 ► 6
340,30,Erzincan,4,Kemah,47 ► 11 ► 2
341,30,Erzincan,5,Kemaliye,97 ► 16 ► 7
342,30,Erzincan,6,Otlukbeli,130 ► 4
343,30,Erzincan,7,Refahiye,90 ► 9
344,30,Erzincan,8,Tercan,72 ► 9
345,30,Erzincan,9,Üzümlü,138 ► 12 ► 3
346,31,Erzurum,1,Aşkale,60 ► 6
347,31,Erzurum,2,Aziziye,115 ► 7
348,31,Erzurum,3,Çat,29 ► 11 ► 2
349,31,Erzurum,4,Hınıs,71 ► 8
350,31,Erzurum,5,Horasan,90 ► 9
351,31,Erzurum,6,İspir,86 ► 14 ► 5
352,31,Erzurum,7,Karaçoban,79 ► 16 ► 7
353,31,Erzurum,8,Karayazı,106 ► 7
354,31,Erzurum,9,Köprüköy,161 ► 8
355,31,Erzurum,10,Narman,73 ► 10 ► 1
356,31,Erzurum,11,Oltu,82 ► 10 ► 1
357,31,Erzurum,12,Olur,79 ► 16 ► 7
358,31,Erzurum,13,Palandöken,115 ► 7
359,31,Erzurum,14,Pasinler,113 ► 5
360,31,Erzurum,15,Pazaryolu,158 ► 14 ► 5
361,31,Erzurum,16,Şenkaya,90 ► 9
362,31,Erzurum,17,Tekman,78 ► 15 ► 6
363,31,Erzurum,18,Tortum,128 ► 11 ► 2
364,31,Erzurum,19,Uzundere,134 ► 8
365,31,Erzurum,20,Yakutiye,137 ► 11 ► 2
366,32,Eskişehir,1,Alpu,61 ► 7
367,32,Eskişehir,2,Beylikova,122 ► 5
368,32,Eskişehir,3,Çifteler,94 ► 13 ► 4
369,32,Eskişehir,4,Günyüzü,160 ► 7
370,32,Eskişehir,5,Han,28 ► 10 ► 1
371,32,Eskişehir,6,İnönü,91 ► 10 ► 1
372,32,Eskişehir,7,Mahmudiye,118 ► 10 ► 1
373,32,Eskişehir,8,Mihalgazi,102 ► 3
374,32,Eskişehir,9,Mihalıççık,97 ► 16 ► 7
375,32,Eskişehir,10,Odunpazarı,148 ► 13 ► 4
376,32,Eskişehir,11,Sarıcakaya,103 ► 4
377,32,Eskişehir,12,Seyitgazi,140 ► 5
378,32,Eskişehir,13,Sivrihisar,157 ► 13 ► 4
379,32,Eskişehir,14,Tepebaşı,93 ► 12 ► 3
380,33,Gaziantep,1,Araban,43 ► 7
381,33,Gaziantep,2,İslahiye,105 ► 6
382,33,Gaziantep,3,Karkamış,101 ► 2
383,33,Gaziantep,4,Nizip,88 ► 16 ► 7
384,33,Gaziantep,5,Nurdağı,89 ► 17 ► 8
385,33,Gaziantep,6,Oğuzeli,113 ► 5
386,33,Gaziantep,7,Şahinbey,98 ► 17 ► 8
387,33,Gaziantep,8,Şehitkamil,131 ► 5
388,33,Gaziantep,9,Yavuzeli,142 ► 7
389,34,Giresun,1,Giresun,110 ► 2
390,34,Giresun,2,Alucra,66 ► 12 ► 3
391,34,Giresun,3,Bulancak,78 ► 15 ► 6
392,34,Giresun,4,Çamoluk,93 ► 12 ► 3
393,34,Giresun,5,Çanakçı,52 ► 7
394,34,Giresun,6,Dereli,64 ► 10 ► 1
395,34,Giresun,7,Doğankent,111 ► 3
396,34,Giresun,8,Espiye,93 ► 12 ► 3
397,34,Giresun,9,Eynesil,105 ► 6
398,34,Giresun,10,Görele,75 ► 12 ► 3
399,34,Giresun,11,Güce,43 ► 7
400,34,Giresun,12,Keşap,64 ► 10 ► 1
401,34,Giresun,13,Piraziz,122 ► 5
402,34,Giresun,14,Şebinkarahisar,161 ► 8
403,34,Giresun,15,Tirebolu,122 ► 5
404,34,Giresun,16,Yağlıdere,102 ► 3
405,35,Gümüşhane,1,Gümüşhane,133 ► 7
406,35,Gümüşhane,2,Kelkit,84 ► 12 ► 3
407,35,Gümüşhane,3,Köse,61 ► 7
408,35,Gümüşhane,4,Kürtün,128 ► 11 ► 2
409,35,Gümüşhane,5,Şiran,73 ► 10 ► 1
410,35,Gümüşhane,6,Torul,103 ► 4
411,36,Hakkâri,1,Hakkâri,Â (1 karakter yöntemlerde tanımsız)
412,36,Hakkâri,2,Çukurca,93 ► 12 ► 3
413,36,Hakkâri,3,Derecik,66 ► 12 ► 3
414,36,Hakkâri,4,Şemdinli,104 ► 5
415,36,Hakkâri,5,Yüksekova,156 ► 12 ► 3
416,37,Hatay,1,Altınözü,142 ► 7
417,37,Hatay,2,Antakya,86 ► 14 ► 5
418,37,Hatay,3,Arsuz,98 ► 17 ► 8
419,37,Hatay,4,Belen,46 ► 10 ► 1
420,37,Hatay,5,Defne,41 ► 5
421,37,Hatay,6,Dörtyol,130 ► 4
422,37,Hatay,7,Erzin,84 ► 12 ► 3
423,37,Hatay,8,Hassa,56 ► 11 ► 2
424,37,Hatay,9,İskenderun,145 ► 10 ► 1
425,37,Hatay,10,Kırıkhan,99 ► 18 ► 9
426,37,Hatay,11,Kumlu,95 ► 14 ► 5
427,37,Hatay,12,Payas,72 ► 9
428,37,Hatay,13,Reyhanlı,109 ► 10 ► 1
429,37,Hatay,14,Samandağ,72 ► 9
430,37,Hatay,15,Yayladağı,99 ► 18 ► 9
431,38,Iğdır,1,Iğdır,57 ► 12 ► 3
432,38,Iğdır,2,Aralık,63 ► 9
433,38,Iğdır,3,Karakoyunlu,179 ► 17 ► 8
434,38,Iğdır,4,Tuzluca,122 ► 5
435,39,Isparta,1,Isparta,100 ► 1
436,39,Isparta,2,Aksu,62 ► 8
437,39,Isparta,3,Atabey,62 ► 8
438,39,Isparta,4,Eğirdir,84 ► 12 ► 3
439,39,Isparta,5,Gelendost,121 ► 4
440,39,Isparta,6,Gönen,67 ► 13 ► 4
441,39,Isparta,7,Keçiborlu,116 ► 8
442,39,Isparta,8,Senirkent,138 ► 12 ► 3
443,39,Isparta,9,Sütçüler,144 ► 9
444,39,Isparta,10,Şarkikaraağaç,122 ► 5
445,39,Isparta,11,Uluborlu,146 ► 11 ► 2
446,39,Isparta,12,Yalvaç,76 ► 13 ► 4
447,39,Isparta,13,Yenişarbademli,163 ► 10 ► 1
448,40,İstanbul,1,Adalar,44 ► 8
449,40,İstanbul,2,Arnavutköy,177 ► 15 ► 6
450,40,İstanbul,3,Ataşehir,97 ► 16 ► 7
451,40,İstanbul,4,Avcılar,79 ► 16 ► 7
452,40,İstanbul,5,Bağcılar,63 ► 9
453,40,İstanbul,6,Bahçelievler,124 ► 7
454,40,İstanbul,7,Bakırköy,110 ► 2
455,40,İstanbul,8,Başakşehir,112 ► 4
456,40,İstanbul,9,Bayrampaşa,114 ► 6
457,40,İstanbul,10,Beşiktaş,104 ► 5
458,40,İstanbul,11,Beykoz,97 ► 16 ► 7
459,40,İstanbul,12,Beylikdüzü,162 ► 9
460,40,İstanbul,13,Beyoğlu,103 ► 4
461,40,İstanbul,14,Büyükçekmece,151 ► 7
462,40,İstanbul,15,Çatalca,49 ► 13 ► 4
463,40,İstanbul,16,Çekmeköy,107 ► 8
464,40,İstanbul,17,Esenler,93 ► 12 ► 3
465,40,İstanbul,18,Esenyurt,149 ► 14 ► 5
466,40,İstanbul,19,Eyüpsultan,184 ► 13 ► 4
467,40,İstanbul,20,Fatih,53 ► 8
468,40,İstanbul,21,Gaziosmanpaşa,168 ► 15 ► 6
469,40,İstanbul,22,Güngören,122 ► 5
470,40,İstanbul,23,Kadıköy,92 ► 11 ► 2
471,40,İstanbul,24,Kâğıthane,Â (1 karakter yöntemlerde tanımsız)
472,40,İstanbul,25,Kartal,76 ► 13 ► 4
473,40,İstanbul,26,Küçükçekmece,139 ► 13 ► 4
474,40,İstanbul,27,Maltepe,88 ► 16 ► 7
475,40,İstanbul,28,Pendik,73 ► 10 ► 1
476,40,İstanbul,29,Sancaktepe,114 ► 6
477,40,İstanbul,30,Sarıyer,110 ► 2
478,40,İstanbul,31,Silivri,118 ► 10 ► 1
479,40,İstanbul,32,Sultanbeyli,166 ► 13 ► 4
480,40,İstanbul,33,Sultangazi,153 ► 9
481,40,İstanbul,34,Şile,55 ► 10 ► 1
482,40,İstanbul,35,Şişli,83 ► 11 ► 2
483,40,İstanbul,36,Tuzla,94 ► 13 ► 4
484,40,İstanbul,37,Ümraniye,126 ► 9
485,40,İstanbul,38,Üsküdar,115 ► 7
486,40,İstanbul,39,Zeytinburnu,205 ► 7
487,41,İzmir,1,Aliağa,38 ► 11 ► 2
488,41,İzmir,2,Balçova,68 ► 14 ► 5
489,41,İzmir,3,Bayındır,96 ► 15 ► 6
490,41,İzmir,4,Bayraklı,93 ► 12 ► 3
491,41,İzmir,5,Bergama,55 ► 10 ► 1
492,41,İzmir,6,Beydağ,51 ► 6
493,41,İzmir,7,Bornova,104 ► 5
494,41,İzmir,8,Buca,31 ► 4
495,41,İzmir,9,Çeşme,55 ► 10 ► 1
496,41,İzmir,10,Çiğli,50 ► 5
497,41,İzmir,11,Dikili,67 ► 13 ► 4
498,41,İzmir,12,Foça,30 ► 3
499,41,İzmir,13,Gaziemir,103 ► 4
500,41,İzmir,14,Güzelbahçe,107 ► 8
501,41,İzmir,15,Karabağlar,86 ► 14 ► 5
502,41,İzmir,16,Karaburun,127 ► 10 ► 1
503,41,İzmir,17,Karşıyaka,114 ► 6
504,41,İzmir,18,Kemalpaşa,97 ► 16 ► 7
505,41,İzmir,19,Kınık,67 ► 13 ► 4
506,41,İzmir,20,Kiraz,76 ► 13 ► 4
507,41,İzmir,21,Konak,64 ► 10 ► 1
508,41,İzmir,22,Menderes,99 ► 18 ► 9
509,41,İzmir,23,Menemen,84 ► 12 ► 3
510,41,İzmir,24,Narlıdere,103 ► 4
511,41,İzmir,25,Ödemiş,80 ► 8
512,41,İzmir,26,Seferihisar,138 ► 12 ► 3
513,41,İzmir,27,Selçuk,86 ► 14 ► 5
514,41,İzmir,28,Tire,62 ► 8
515,41,İzmir,29,Torbalı,92 ► 11 ► 2
516,41,İzmir,30,Urla,62 ► 8
517,42,Kahramanmaraş,1,Afşin,59 ► 14 ► 5
518,42,Kahramanmaraş,2,Andırın,83 ► 11 ► 2
519,42,Kahramanmaraş,3,Çağlayancerit,141 ► 6
520,42,Kahramanmaraş,4,Dulkadiroğlu,164 ► 11 ► 2
521,42,Kahramanmaraş,5,Ekinözü,122 ► 5
522,42,Kahramanmaraş,6,Elbistan,98 ► 17 ► 8
523,42,Kahramanmaraş,7,Göksun,105 ► 6
524,42,Kahramanmaraş,8,Nurhak,88 ► 16 ► 7
525,42,Kahramanmaraş,9,Onikişubat,146 ► 11 ► 2
526,42,Kahramanmaraş,10,Pazarcık,100 ► 1
527,42,Kahramanmaraş,11,Türkoğlu,152 ► 8
528,43,Karabük,1,Karabük,79 ► 16 ► 7
529,43,Karabük,2,Eflani,57 ► 12 ► 3
530,43,Karabük,3,Eskipazar,125 ► 8
531,43,Karabük,4,Ovacık,74 ► 11 ► 2
532,43,Karabük,5,Safranbolu,129 ► 12 ► 3
533,43,Karabük,6,Yenice,71 ► 8
534,44,Karaman,1,Karaman,71 ► 8
535,44,Karaman,2,Ayrancı,82 ► 10 ► 1
536,44,Karaman,3,Başyayla,99 ► 18 ► 9
537,44,Karaman,4,Ermenek,86 ► 14 ► 5
538,44,Karaman,5,Kazımkarabekir,162 ► 9
539,44,Karaman,6,Sarıveliler,156 ► 12 ► 3
540,45,Kars,1,Kars,58 ► 13 ► 4
541,45,Kars,2,Akyaka,59 ► 14 ► 5
542,45,Kars,3,Arpaçay,76 ► 13 ► 4
543,45,Kars,4,Digor,63 ► 9
544,45,Kars,5,Kağızman,98 ► 17 ► 8
545,45,Kars,6,Sarıkamış,120 ► 3
546,45,Kars,7,Selim,70 ► 7
547,45,Kars,8,Susuz,123 ► 6
548,46,Kastamonu,1,Kastamonu,138 ► 12 ► 3
549,46,Kastamonu,2,Abana,22 ► 4
550,46,Kastamonu,3,Ağlı,36 ► 9
551,46,Kastamonu,4,Araç,27 ► 9
552,46,Kastamonu,5,Azdavay,92 ► 11 ► 2
553,46,Kastamonu,6,Bozkurt,133 ► 7
554,46,Kastamonu,7,Cide,25 ► 7
555,46,Kastamonu,8,Çatalzeytin,160 ► 7
556,46,Kastamonu,9,Daday,40 ► 4
557,46,Kastamonu,10,Devrekani,108 ► 9
558,46,Kastamonu,11,Doğanyurt,148 ► 13 ► 4
559,46,Kastamonu,12,Hanönü,90 ► 9
560,46,Kastamonu,13,İhsangazi,111 ► 3
561,46,Kastamonu,14,İnebolu,95 ► 14 ► 5
562,46,Kastamonu,15,Küre,67 ► 13 ► 4
563,46,Kastamonu,16,Pınarbaşı,107 ► 8
564,46,Kastamonu,17,Seydiler,114 ► 6
565,46,Kastamonu,18,Şenpazar,118 ► 10 ► 1
566,46,Kastamonu,19,Taşköprü,148 ► 13 ► 4
567,46,Kastamonu,20,Tosya,93 ► 12 ► 3
568,47,Kayseri,1,Akkışla,79 ► 16 ► 7
569,47,Kayseri,2,Bünyan,91 ► 10 ► 1
570,47,Kayseri,3,Develi,70 ► 7
571,47,Kayseri,4,Felahiye,84 ► 12 ► 3
572,47,Kayseri,5,Hacılar,62 ► 8
573,47,Kayseri,6,İncesu,85 ► 13 ► 4
574,47,Kayseri,7,Kocasinan,104 ► 5
575,47,Kayseri,8,Melikgazi,111 ► 3
576,47,Kayseri,9,Özvatan,118 ► 10 ► 1
577,47,Kayseri,10,Pınarbaşı,107 ► 8
578,47,Kayseri,11,Sarıoğlan,115 ► 7
579,47,Kayseri,12,Sarız,84 ► 12 ► 3
580,47,Kayseri,13,Talas,63 ► 9
581,47,Kayseri,14,Tomarza,110 ► 2
582,47,Kayseri,15,Yahyalı,94 ► 13 ► 4
583,47,Kayseri,16,Yeşilhisar,148 ► 13 ► 4
584,48,Kırıkkale,1,Kırıkkale,107 ► 8
585,48,Kırıkkale,2,Bahşılı,73 ► 10 ► 1
586,48,Kırıkkale,3,Balışeyh,96 ► 15 ► 6
587,48,Kırıkkale,4,Çelebi,44 ► 8
588,48,Kırıkkale,5,Delice,46 ► 10 ► 1
589,48,Kırıkkale,6,Karakeçili,98 ► 17 ► 8
590,48,Kırıkkale,7,Keskin,84 ► 12 ► 3
591,48,Kırıkkale,8,Sulakyurt,175 ► 13 ► 4
592,48,Kırıkkale,9,Yahşihan,101 ► 2
593,49,Kırklareli,1,Kırklareli,129 ► 12 ► 3
594,49,Kırklareli,2,Babaeski,59 ► 14 ► 5
595,49,Kırklareli,3,Demirköy,120 ► 3
596,49,Kırklareli,4,Kofçaz,73 ► 10 ► 1
597,49,Kırklareli,5,Lüleburgaz,148 ► 13 ► 4
598,49,Kırklareli,6,Pehlivanköy,168 ► 15 ► 6
599,49,Kırklareli,7,Pınarhisar,135 ► 9
600,49,Kırklareli,8,Vize,73 ► 10 ► 1
601,50,Kırşehir,1,Kırşehir,117 ► 9
602,50,Kırşehir,2,Akçakent,81 ► 9
603,50,Kırşehir,3,Akpınar,85 ► 13 ► 4
604,50,Kırşehir,4,Boztepe,105 ► 6
605,50,Kırşehir,5,Çiçekdağı,65 ► 11 ► 2
606,50,Kırşehir,6,Kaman,49 ► 13 ► 4
607,50,Kırşehir,7,Mucur,90 ► 9
608,51,Kilis,1,Kilis,73 ► 10 ► 1
609,51,Kilis,2,Elbeyli,83 ► 11 ► 2
610,51,Kilis,3,Musabeyli,126 ► 9
611,51,Kilis,4,Polateli,110 ► 2
612,52,Kocaeli,1,Başiskele,100 ► 1
613,52,Kocaeli,2,Çayırova,111 ► 3
614,52,Kocaeli,3,Darıca,42 ► 6
615,52,Kocaeli,4,Derince,69 ► 15 ► 6
616,52,Kocaeli,5,Dilovası,110 ► 2
617,52,Kocaeli,6,Gebze,51 ► 6
618,52,Kocaeli,7,Gölcük,85 ► 13 ► 4
619,52,Kocaeli,8,İzmit,92 ► 11 ► 2
620,52,Kocaeli,9,Kandıra,70 ► 7
621,52,Kocaeli,10,Karamürsel,143 ► 8
622,52,Kocaeli,11,Kartepe,92 ► 11 ► 2
623,52,Kocaeli,12,Körfez,96 ► 15 ► 6
624,53,Konya,1,Ahırlı,69 ► 15 ► 6
625,53,Konya,2,Akören,78 ► 15 ► 6
626,53,Konya,3,Akşehir,86 ► 14 ► 5
627,53,Konya,4,Altınekin,116 ► 8
628,53,Konya,5,Beyşehir,107 ► 8
629,53,Konya,6,Bozkır,95 ► 14 ► 5
630,53,Konya,7,Cihanbeyli,104 ► 5
631,53,Konya,8,Çeltik,74 ► 11 ► 2
632,53,Konya,9,Çumra,67 ► 13 ► 4
633,53,Konya,10,Derbent,81 ► 9
634,53,Konya,11,Derebucak,83 ► 11 ► 2
635,53,Konya,12,Doğanhisar,115 ► 7
636,53,Konya,13,Emirgazi,103 ► 4
637,53,Konya,14,Ereğli,68 ► 14 ► 5
638,53,Konya,15,Güneysınır,167 ► 14 ► 5
639,53,Konya,16,Hadim,43 ► 7
640,53,Konya,17,Halkapınar,111 ► 3
641,53,Konya,18,Hüyük,104 ► 5
642,53,Konya,19,Ilgın,62 ► 8
643,53,Konya,20,Kadınhanı,87 ► 15 ► 6
644,53,Konya,21,Karapınar,107 ► 8
645,53,Konya,22,Karatay,90 ► 9
646,53,Konya,23,Kulu,79 ► 16 ► 7
647,53,Konya,24,Meram,60 ► 6
648,53,Konya,25,Sarayönü,135 ► 9
649,53,Konya,26,Selçuklu,126 ► 9
650,53,Konya,27,Seydişehir,143 ► 8
651,53,Konya,28,Taşkent,109 ► 10 ► 1
652,53,Konya,29,Tuzlukçu,161 ► 8
653,53,Konya,30,Yalıhüyük,159 ► 15 ► 6
654,53,Konya,31,Yunak,85 ► 13 ► 4
655,54,Kütahya,1,Kütahya,104 ► 5
656,54,Kütahya,2,Altıntaş,116 ► 8
657,54,Kütahya,3,Aslanapa,78 ► 15 ► 6
658,54,Kütahya,4,Çavdarhisar,124 ► 7
659,54,Kütahya,5,Domaniç,72 ► 9
660,54,Kütahya,6,Dumlupınar,156 ► 12 ► 3
661,54,Kütahya,7,Emet,52 ► 7
662,54,Kütahya,8,Gediz,59 ► 14 ► 5
663,54,Kütahya,9,Hisarcık,93 ► 12 ► 3
664,54,Kütahya,10,Pazarlar,109 ► 10 ► 1
665,54,Kütahya,11,Şaphane,78 ► 15 ► 6
666,54,Kütahya,12,Simav,77 ► 14 ► 5
667,54,Kütahya,13,Tavşanlı,119 ► 11 ► 2
668,55,Malatya,1,Akçadağ,35 ► 8
669,55,Malatya,2,Arapgir,83 ► 11 ► 2
670,55,Malatya,3,Arguvan,100 ► 1
671,55,Malatya,4,Battalgazi,116 ► 8
672,55,Malatya,5,Darende,61 ► 7
673,55,Malatya,6,Doğanşehir,121 ► 4
674,55,Malatya,7,Doğanyol,111 ► 3
675,55,Malatya,8,Hekimhan,85 ► 13 ► 4
676,55,Malatya,9,Kale,36 ► 9
677,55,Malatya,10,Kuluncak,114 ► 6
678,55,Malatya,11,Pütürge,131 ► 5
679,55,Malatya,12,Yazıhan,97 ► 16 ► 7
680,55,Malatya,13,Yeşilyurt,181 ► 10 ► 1
681,56,Manisa,1,Ahmetli,83 ► 11 ► 2
682,56,Manisa,2,Akhisar,80 ► 8
683,56,Manisa,3,Alaşehir,88 ► 16 ► 7
684,56,Manisa,4,Demirci,73 ► 10 ► 1
685,56,Manisa,5,Gölmarmara,119 ► 11 ► 2
686,56,Manisa,6,Gördes,81 ► 9
687,56,Manisa,7,Kırkağaç,75 ► 12 ► 3
688,56,Manisa,8,Köprübaşı,137 ► 11 ► 2
689,56,Manisa,9,Kula,55 ► 10 ► 1
690,56,Manisa,10,Salihli,85 ► 13 ► 4
691,56,Manisa,11,Sarıgöl,97 ► 16 ► 7
692,56,Manisa,12,Saruhanlı,123 ► 6
693,56,Manisa,13,Selendi,82 ► 10 ► 1
694,56,Manisa,14,Soma,57 ► 12 ► 3
695,56,Manisa,15,Şehzadeler,122 ► 5
696,56,Manisa,16,Turgutlu,167 ► 14 ► 5
697,56,Manisa,17,Yunusemre,166 ► 13 ► 4
698,57,Mardin,1,Artuklu,125 ► 8
699,57,Mardin,2,Dargeçit,80 ► 8
700,57,Mardin,3,Derik,57 ► 12 ► 3
701,57,Mardin,4,Kızıltepe,136 ► 10 ► 1
702,57,Mardin,5,Mazıdağı,83 ► 11 ► 2
703,57,Mardin,6,Midyat,85 ► 13 ► 4
704,57,Mardin,7,Nusaybin,123 ► 6
705,57,Mardin,8,Ömerli,88 ► 16 ► 7
706,57,Mardin,9,Savur,96 ► 15 ► 6
707,57,Mardin,10,Yeşilli,109 ► 10 ► 1
708,58,Mersin,1,Akdeniz,83 ► 11 ► 2
709,58,Mersin,2,Anamur,81 ► 9
710,58,Mersin,3,Aydıncık,90 ► 9
711,58,Mersin,4,Bozyazı,118 ► 10 ► 1
712,58,Mersin,5,Çamlıyayla,120 ► 3
713,58,Mersin,6,Erdemli,80 ► 8
714,58,Mersin,7,Gülnar,88 ► 16 ► 7
715,58,Mersin,8,Mezitli,112 ► 4
716,58,Mersin,9,Mut,65 ► 11 ► 2
717,58,Mersin,10,Silifke,86 ► 14 ► 5
718,58,Mersin,11,Tarsus,115 ► 7
719,58,Mersin,12,Toroslar,140 ► 5
720,58,Mersin,13,Yenişehir,133 ► 7
721,59,Muğla,1,Bodrum,87 ► 15 ► 6
722,59,Muğla,2,Dalaman,56 ► 11 ► 2
723,59,Muğla,3,Datça,35 ► 8
724,59,Muğla,4,Fethiye,92 ► 11 ► 2
725,59,Muğla,5,Kavaklıdere,121 ► 4
726,59,Muğla,6,Köyceğiz,119 ► 11 ► 2
727,59,Muğla,7,Marmaris,109 ► 10 ► 1
728,59,Muğla,8,Menteşe,98 ► 17 ► 8
729,59,Muğla,9,Milas,65 ► 11 ► 2
730,59,Muğla,10,Ortaca,68 ► 14 ► 5
731,59,Muğla,11,Seydikemer,135 ► 9
732,59,Muğla,12,Ula,41 ► 5
733,59,Muğla,13,Yatağan,81 ► 9
734,60,Muş,1,Muş,64 ► 10 ► 1
735,60,Muş,2,Bulanık,85 ► 13 ► 4
736,60,Muş,3,Hasköy,94 ► 13 ► 4
737,60,Muş,4,Korkut,116 ► 8
738,60,Muş,5,Malazgirt,126 ► 9
739,60,Muş,6,Varto,91 ► 10 ► 1
740,61,Nevşehir,1,Nevşehir,121 ► 4
741,61,Nevşehir,2,Acıgöl,57 ► 12 ► 3
742,61,Nevşehir,3,Avanos,86 ► 14 ► 5
743,61,Nevşehir,4,Derinkuyu,152 ► 8
744,61,Nevşehir,5,Gülşehir,120 ► 3
745,61,Nevşehir,6,Hacıbektaş,95 ► 14 ► 5
746,61,Nevşehir,7,Kozaklı,102 ► 3
747,61,Nevşehir,8,Ürgüp,101 ► 2
748,62,Niğde,1,Niğde,48 ► 12 ► 3
749,62,Niğde,2,Altunhisar,147 ► 12 ► 3
750,62,Niğde,3,Bor,41 ► 5
751,62,Niğde,4,Çamardı,59 ► 14 ► 5
752,62,Niğde,5,Çiftlik,86 ► 14 ► 5
753,62,Niğde,6,Ulukışla,129 ► 12 ► 3
754,63,Ordu,1,Akkuş,77 ► 14 ► 5
755,63,Ordu,2,Altınordu,137 ► 11 ► 2
756,63,Ordu,3,Aybastı,89 ► 17 ► 8
757,63,Ordu,4,Çamaş,45 ► 9
758,63,Ordu,5,Çatalpınar,115 ► 7
759,63,Ordu,6,Çaybaşı,70 ► 7
760,63,Ordu,7,Fatsa,55 ► 10 ► 1
761,63,Ordu,8,Gölköy,103 ► 4
762,63,Ordu,9,Gülyalı,104 ► 5
763,63,Ordu,10,Gürgentepe,142 ► 7
764,63,Ordu,11,İkizce,75 ► 12 ► 3
765,63,Ordu,12,Kabadüz,78 ► 15 ► 6
766,63,Ordu,13,Kabataş,66 ► 12 ► 3
767,63,Ordu,14,Korgan,79 ► 16 ► 7
768,63,Ordu,15,Kumru,101 ► 2
769,63,Ordu,16,Mesudiye,119 ► 11 ► 2
770,63,Ordu,17,Perşembe,100 ► 1
771,63,Ordu,18,Ulubey,101 ► 2
772,63,Ordu,19,Ünye,77 ► 14 ► 5
773,64,Osmaniye,1,Osmaniye,119 ► 11 ► 2
774,64,Osmaniye,2,Bahçe,23 ► 5
775,64,Osmaniye,3,Düziçi,86 ► 14 ► 5
776,64,Osmaniye,4,Hasanbeyli,113 ► 5
777,64,Osmaniye,5,Kadirli,78 ► 15 ► 6
778,64,Osmaniye,6,Sumbas,88 ► 16 ► 7
779,64,Osmaniye,7,Toprakkale,134 ► 8
780,65,Rize,1,Rize,67 ► 13 ► 4
781,65,Rize,2,Ardeşen,79 ► 16 ► 7
782,65,Rize,3,Çamlıhemşin,130 ► 4
783,65,Rize,4,Çayeli,65 ► 11 ► 2
784,65,Rize,5,Derepazarı,121 ► 4
785,65,Rize,6,Fındıklı,91 ► 10 ► 1
786,65,Rize,7,Güneysu,132 ► 6
787,65,Rize,8,Hemşin,83 ► 11 ► 2
788,65,Rize,9,İkizdere,104 ► 5
789,65,Rize,10,İyidere,89 ► 17 ► 8
790,65,Rize,11,Kalkandere,100 ► 1
791,65,Rize,12,Pazar,72 ► 9
792,66,Sakarya,1,Adapazarı,90 ► 9
793,66,Sakarya,2,Akyazı,84 ► 12 ► 3
794,66,Sakarya,3,Arifiye,85 ► 13 ► 4
795,66,Sakarya,4,Erenler,92 ► 11 ► 2
796,66,Sakarya,5,Ferizli,100 ► 1
797,66,Sakarya,6,Geyve,75 ► 12 ► 3
798,66,Sakarya,7,Hendek,58 ► 13 ► 4
799,66,Sakarya,8,Karapürçek,128 ► 11 ► 2
800,66,Sakarya,9,Karasu,84 ► 12 ► 3
801,66,Sakarya,10,Kaynarca,86 ► 14 ► 5
802,66,Sakarya,11,Kocaali,63 ► 9
803,66,Sakarya,12,Pamukova,122 ► 5
804,66,Sakarya,13,Sapanca,65 ► 11 ► 2
805,66,Sakarya,14,Serdivan,110 ► 2
806,66,Sakarya,15,Söğütlü,141 ► 6
807,66,Sakarya,16,Taraklı,87 ► 15 ► 6
808,67,Samsun,1,19 Mayıs,19 (2 karakter yöntemlerde tanımsız)
809,67,Samsun,2,Alaçam,38 ► 11 ► 2
810,67,Samsun,3,Asarcık,73 ► 10 ► 1
811,67,Samsun,4,Atakum,81 ► 9
812,67,Samsun,5,Ayvacık,85 ► 13 ► 4
813,67,Samsun,6,Bafra,32 ► 5
814,67,Samsun,7,Canik,46 ► 10 ► 1
815,67,Samsun,8,Çarşamba,69 ► 15 ► 6
816,67,Samsun,9,Havza,68 ► 14 ► 5
817,67,Samsun,10,İlkadım,74 ► 11 ► 2
818,67,Samsun,11,Kavak,57 ► 12 ► 3
819,67,Samsun,12,Ladik,46 ► 10 ► 1
820,67,Samsun,13,Salıpazarı,132 ► 6
821,67,Samsun,14,Tekkeköy,125 ► 8
822,67,Samsun,15,Terme,73 ► 10 ► 1
823,67,Samsun,16,Vezirköprü,194 ► 14 ► 5
824,67,Samsun,17,Yakakent,105 ► 6
825,68,Siirt,1,Siirt,89 ► 17 ► 8
826,68,Siirt,2,Baykan,63 ► 9
827,68,Siirt,3,Eruh,62 ► 8
828,68,Siirt,4,Kurtalan,118 ► 10 ► 1
829,68,Siirt,5,Pervari,107 ► 8
830,68,Siirt,6,Şirvan,100 ► 1
831,68,Siirt,7,Tillo,83 ► 11 ► 2
832,69,Sinop,1,Sinop,88 ► 16 ► 7
833,69,Sinop,2,Ayancık,75 ► 12 ► 3
834,69,Sinop,3,Boyabat,76 ► 13 ► 4
835,69,Sinop,4,Dikmen,69 ► 15 ► 6
836,69,Sinop,5,Durağan,79 ► 16 ► 7
837,69,Sinop,6,Erfelek,75 ► 12 ► 3
838,69,Sinop,7,Gerze,70 ► 7
839,69,Sinop,8,Saraydüzü,159 ► 15 ► 6
840,69,Sinop,9,Türkeli,117 ► 9
841,70,Sivas,1,Sivas,83 ► 11 ► 2
842,70,Sivas,2,Akıncılar,94 ► 13 ► 4
843,70,Sivas,3,Altınyayla,141 ► 6
844,70,Sivas,4,Divriği,95 ► 14 ► 5
845,70,Sivas,5,Doğanşar,95 ► 14 ► 5
846,70,Sivas,6,Gemerek,77 ► 14 ► 5
847,70,Sivas,7,Gölova,88 ► 16 ► 7
848,70,Sivas,8,Gürün,98 ► 17 ► 8
849,70,Sivas,9,Hafik,43 ► 7
850,70,Sivas,10,İmranlı,93 ► 12 ► 3
851,70,Sivas,11,Kangal,56 ► 11 ► 2
852,70,Sivas,12,Koyulhisar,165 ► 12 ► 3
853,70,Sivas,13,Suşehri,118 ► 10 ► 1
854,70,Sivas,14,Şarkışla,109 ► 10 ► 1
855,70,Sivas,15,Ulaş,64 ► 10 ► 1
856,70,Sivas,16,Yıldızeli,131 ► 5
857,70,Sivas,17,Zara,52 ► 7
858,71,Şanlıurfa,1,Akçakale,56 ► 11 ► 2
859,71,Şanlıurfa,2,Birecik,68 ► 14 ► 5
860,71,Şanlıurfa,3,Bozova,95 ► 14 ► 5
861,71,Şanlıurfa,4,Ceylanpınar,140 ► 5
862,71,Şanlıurfa,5,Eyyübiye,135 ► 9
863,71,Şanlıurfa,6,Halfeti,74 ► 11 ► 2
864,71,Şanlıurfa,7,Haliliye,97 ► 16 ► 7
865,71,Şanlıurfa,8,Harran,71 ► 8
866,71,Şanlıurfa,9,Hilvan,81 ► 9
867,71,Şanlıurfa,10,Karaköprü,137 ► 11 ► 2
868,71,Şanlıurfa,11,Siverek,107 ► 8
869,71,Şanlıurfa,12,Suruç,97 ► 16 ► 7
870,71,Şanlıurfa,13,Viranşehir,148 ► 13 ► 4
871,72,Şırnak,1,Şırnak,87 ► 15 ► 6
872,72,Şırnak,2,Beytüşşebap,161 ► 8
873,72,Şırnak,3,Cizre,70 ► 7
874,72,Şırnak,4,Güçlükonak,143 ► 8
875,72,Şırnak,5,İdil,43 ► 7
876,72,Şırnak,6,Silopi,97 ► 16 ► 7
877,72,Şırnak,7,Uludere,103 ► 4
878,73,Tekirdağ,1,Çerkezköy,141 ► 6
879,73,Tekirdağ,2,Çorlu,83 ► 11 ► 2
880,73,Tekirdağ,3,Ergene,64 ► 10 ► 1
881,73,Tekirdağ,4,Hayrabolu,121 ► 4
882,73,Tekirdağ,5,Kapaklı,76 ► 13 ► 4
883,73,Tekirdağ,6,Malkara,69 ► 15 ► 6
884,73,Tekirdağ,7,Marmaraereğlisi,178 ► 16 ► 7
885,73,Tekirdağ,8,Muratlı,113 ► 5
886,73,Tekirdağ,9,Saray,73 ► 10 ► 1
887,73,Tekirdağ,10,Süleymanpaşa,176 ► 14 ► 5
888,73,Tekirdağ,11,Şarköy,106 ► 7
889,74,Tokat,1,Tokat,81 ► 9
890,74,Tokat,2,Almus,79 ► 16 ► 7
891,74,Tokat,3,Artova,92 ► 11 ► 2
892,74,Tokat,4,Başçiftlik,112 ► 4
893,74,Tokat,5,Erbaa,31 ► 4
894,74,Tokat,6,Niksar,86 ► 14 ► 5
895,74,Tokat,7,Pazar,72 ► 9
896,74,Tokat,8,Reşadiye,101 ► 2
897,74,Tokat,9,Sulusaray,160 ► 7
898,74,Tokat,10,Turhal,96 ► 15 ► 6
899,74,Tokat,11,Yeşilyurt,181 ► 10 ► 1
900,74,Tokat,12,Zile,61 ► 7
901,75,Trabzon,1,Akçaabat,48 ► 12 ► 3
902,75,Trabzon,2,Araklı,63 ► 9
903,75,Trabzon,3,Arsin,72 ► 9
904,75,Trabzon,4,Beşikdüzü,142 ► 7
905,75,Trabzon,5,Çarşıbaşı,97 ► 16 ► 7
906,75,Trabzon,6,Çaykara,70 ► 7
907,75,Trabzon,7,Dernekpazarı,152 ► 8
908,75,Trabzon,8,Düzköy,121 ► 4
909,75,Trabzon,9,Hayrat,85 ► 13 ► 4
910,75,Trabzon,10,Köprübaşı,137 ► 11 ► 2
911,75,Trabzon,11,Maçka,36 ► 9
912,75,Trabzon,12,Of,25 ► 7
913,75,Trabzon,13,Ortahisar,129 ► 12 ► 3
914,75,Trabzon,14,Sürmene,114 ► 6
915,75,Trabzon,15,Şalpazarı,122 ► 5
916,75,Trabzon,16,Tonya,88 ► 16 ► 7
917,75,Trabzon,17,Vakfıkebir,114 ► 6
918,75,Trabzon,18,Yomra,84 ► 12 ► 3
919,76,Tunceli,1,Tunceli,101 ► 2
920,76,Tunceli,2,Çemişgezek,123 ► 6
921,76,Tunceli,3,Hozat,82 ► 10 ► 1
922,76,Tunceli,4,Mazgirt,110 ► 2
923,76,Tunceli,5,Nazımiye,119 ► 11 ► 2
924,76,Tunceli,6,Ovacık,74 ► 11 ► 2
925,76,Tunceli,7,Pertek,91 ► 10 ► 1
926,76,Tunceli,8,Pülümür,150 ► 6
927,77,Uşak,1,Uşak,63 ► 9
928,77,Uşak,2,Banaz,50 ► 5
929,77,Uşak,3,Eşme,51 ► 6
930,77,Uşak,4,Karahallı,89 ► 17 ► 8
931,77,Uşak,5,Sivaslı,109 ► 10 ► 1
932,77,Uşak,6,Ulubey,101 ► 2
933,78,Van,1,Bahçesaray,96 ► 15 ► 6
934,78,Van,2,Başkale,62 ► 8
935,78,Van,3,Çaldıran,75 ► 12 ► 3
936,78,Van,4,Çatak,44 ► 8
937,78,Van,5,Edremit,89 ► 17 ► 8
938,78,Van,6,Erciş,64 ► 10 ► 1
939,78,Van,7,Gevaş,65 ► 11 ► 2
940,78,Van,8,Gürpınar,125 ► 8
941,78,Van,9,İpekyolu,138 ► 12 ► 3
942,78,Van,10,Muradiye,113 ► 5
943,78,Van,11,Özalp,84 ► 12 ► 3
944,78,Van,12,Saray,73 ► 10 ► 1
945,78,Van,13,Tuşba,75 ► 12 ► 3
946,79,Yalova,1,Yalova,90 ► 9
947,79,Yalova,2,Altınova,114 ► 6
948,79,Yalova,3,Armutlu,127 ► 10 ► 1
949,79,Yalova,4,Çınarcık,82 ► 10 ► 1
950,79,Yalova,5,Çiftlikköy,147 ► 12 ► 3
951,79,Yalova,6,Termal,83 ► 11 ► 2
952,80,Yozgat,1,Yozgat,108 ► 9
953,80,Yozgat,2,Akdağmadeni,86 ► 14 ► 5
954,80,Yozgat,3,Aydıncık,90 ► 9
955,80,Yozgat,4,Boğazlıyan,131 ► 5
956,80,Yozgat,5,Çandır,59 ► 14 ► 5
957,80,Yozgat,6,Çayıralan,99 ► 18 ► 9
958,80,Yozgat,7,Çekerek,71 ► 8
959,80,Yozgat,8,Kadışehri,102 ► 3
960,80,Yozgat,9,Saraykent,134 ► 8
961,80,Yozgat,10,Sarıkaya,99 ► 18 ► 9
962,80,Yozgat,11,Sorgun,111 ► 3
963,80,Yozgat,12,Şefaatli,88 ► 16 ► 7
964,80,Yozgat,13,Yenifakılı,121 ► 4
965,80,Yozgat,14,Yerköy,116 ► 8
966,81,Zonguldak,1,Zonguldak,132 ► 6
967,81,Zonguldak,2,Alaplı,63 ► 9
968,81,Zonguldak,3,Çaycuma,78 ► 15 ► 6
969,81,Zonguldak,4,Devrek,79 ► 16 ► 7
970,81,Zonguldak,5,Gökçebey,87 ► 15 ► 6
971,81,Zonguldak,6,Karadeniz Ereğli,173 ► 11 ► 2
972,81,Zonguldak,7,Kilimli,93 ► 12 ► 3
973,81,Zonguldak,8,Kozlu,101 ► 2
